Codigo;Tipologia;Curso;Anio;Matriculados;Asignatura;Tasa_Rendimiento;Tasa_Exito
139261011;FORMACIÓN BÁSICA;1;2012-13;130;INFORMÁTICA BÁSICA;68.5;84.8
139261011;FORMACIÓN BÁSICA;1;2023-24;255;INFORMÁTICA BÁSICA;50.6;72.9
139261011;FORMACIÓN BÁSICA;1;2020-21;145;INFORMÁTICA BÁSICA;33.1;47.1
139261011;FORMACIÓN BÁSICA;1;2015-16;147;INFORMÁTICA BÁSICA;61.9;74.0
139261011;FORMACIÓN BÁSICA;1;2017-18;178;INFORMÁTICA BÁSICA;75.8;86.0
139261011;FORMACIÓN BÁSICA;1;2025(*);214;INFORMÁTICA BÁSICA;35.0;52.1
139261011;FORMACIÓN BÁSICA;1;2022-23;239;INFORMÁTICA BÁSICA;37.7;64.3
139261011;FORMACIÓN BÁSICA;1;2021-22;213;INFORMÁTICA BÁSICA;37.1;48.8
139261011;FORMACIÓN BÁSICA;1;2024-25;225;INFORMÁTICA BÁSICA;53.3;70.2
139261011;FORMACIÓN BÁSICA;1;2011-12;146;INFORMÁTICA BÁSICA;51.4;72.8
139261011;FORMACIÓN BÁSICA;1;2018-19;168;INFORMÁTICA BÁSICA;72.6;80.3
139261011;FORMACIÓN BÁSICA;1;2013-14;152;INFORMÁTICA BÁSICA;68.4;83.2
139261011;FORMACIÓN BÁSICA;1;2019-20;159;INFORMÁTICA BÁSICA;86.8;93.2
139261011;FORMACIÓN BÁSICA;1;2010-11;243;INFORMÁTICA BÁSICA;62.6;78.8
139261011;FORMACIÓN BÁSICA;1;2014-15;172;INFORMÁTICA BÁSICA;78.5;87.1
139261011;FORMACIÓN BÁSICA;1;2016-17;164;INFORMÁTICA BÁSICA;65.9;79.4
139261012;FORMACIÓN BÁSICA;1;2010-11;222;ÁLGEBRA;23.9;54.1
139261012;FORMACIÓN BÁSICA;1;2018-19;231;ÁLGEBRA;56.7;73.6
139261012;FORMACIÓN BÁSICA;1;2023-24;171;ÁLGEBRA;67.8;86.6
139261012;FORMACIÓN BÁSICA;1;2017-18;254;ÁLGEBRA;48.0;63.5
139261012;FORMACIÓN BÁSICA;1;2021-22;173;ÁLGEBRA;75.7;88.5
139261012;FORMACIÓN BÁSICA;1;2019-20;194;ÁLGEBRA;74.2;83.7
139261012;FORMACIÓN BÁSICA;1;2025(*);184;ÁLGEBRA;47.8;59.9
139261012;FORMACIÓN BÁSICA;1;2024-25;170;ÁLGEBRA;59.4;69.7
139261012;FORMACIÓN BÁSICA;1;2011-12;202;ÁLGEBRA;67.8;92.6
139261012;FORMACIÓN BÁSICA;1;2020-21;176;ÁLGEBRA;80.7;93.4
139261012;FORMACIÓN BÁSICA;1;2016-17;246;ÁLGEBRA;36.2;49.4
139261012;FORMACIÓN BÁSICA;1;2022-23;167;ÁLGEBRA;75.4;81.8
139261012;FORMACIÓN BÁSICA;1;2015-16;239;ÁLGEBRA;32.6;56.9
139261012;FORMACIÓN BÁSICA;1;2014-15;244;ÁLGEBRA;32.8;52.6
139261012;FORMACIÓN BÁSICA;1;2013-14;201;ÁLGEBRA;40.8;66.1
139261012;FORMACIÓN BÁSICA;1;2012-13;130;ÁLGEBRA;24.6;47.1
139261013;FORMACIÓN BÁSICA;1;2022-23;207;CÁLCULO;29.0;43.8
139261013;FORMACIÓN BÁSICA;1;2013-14;237;CÁLCULO;44.3;66.9
139261013;FORMACIÓN BÁSICA;1;2020-21;188;CÁLCULO;78.2;96.1
139261013;FORMACIÓN BÁSICA;1;2010-11;268;CÁLCULO;28.7;57.5
139261013;FORMACIÓN BÁSICA;1;2014-15;259;CÁLCULO;45.2;60.0
139261013;FORMACIÓN BÁSICA;1;2025(*);274;CÁLCULO;24.5;41.6
139261013;FORMACIÓN BÁSICA;1;2018-19;236;CÁLCULO;30.9;63.5
139261013;FORMACIÓN BÁSICA;1;2015-16;222;CÁLCULO;37.8;60.4
139261013;FORMACIÓN BÁSICA;1;2019-20;248;CÁLCULO;67.7;87.5
139261013;FORMACIÓN BÁSICA;1;2021-22;177;CÁLCULO;48.0;61.2
139261013;FORMACIÓN BÁSICA;1;2024-25;262;CÁLCULO;38.2;52.6
139261013;FORMACIÓN BÁSICA;1;2016-17;223;CÁLCULO;41.3;60.5
139261013;FORMACIÓN BÁSICA;1;2017-18;228;CÁLCULO;44.3;64.7
139261013;FORMACIÓN BÁSICA;1;2011-12;233;CÁLCULO;33.9;71.8
139261013;FORMACIÓN BÁSICA;1;2012-13;176;CÁLCULO;42.6;68.8
139261013;FORMACIÓN BÁSICA;1;2023-24;261;CÁLCULO;37.9;58.6
139261014;FORMACIÓN BÁSICA;1;2024-25;187;FUNDAMENTOS FÍSICOS PARA LA INGENIERÍA;59.4;72.1
139261014;FORMACIÓN BÁSICA;1;2025(*);200;FUNDAMENTOS FÍSICOS PARA LA INGENIERÍA;37.5;42.4
139261014;FORMACIÓN BÁSICA;1;2019-20;174;FUNDAMENTOS FÍSICOS PARA LA INGENIERÍA;75.9;84.1
139261014;FORMACIÓN BÁSICA;1;2021-22;175;FUNDAMENTOS FÍSICOS PARA LA INGENIERÍA;76.0;84.7
139261014;FORMACIÓN BÁSICA;1;2023-24;188;FUNDAMENTOS FÍSICOS PARA LA INGENIERÍA;58.0;73.2
139261014;FORMACIÓN BÁSICA;1;2017-18;232;FUNDAMENTOS FÍSICOS PARA LA INGENIERÍA;67.2;77.2
139261014;FORMACIÓN BÁSICA;1;2018-19;192;FUNDAMENTOS FÍSICOS PARA LA INGENIERÍA;63.5;77.2
139261014;FORMACIÓN BÁSICA;1;2012-13;154;FUNDAMENTOS FÍSICOS PARA LA INGENIERÍA;40.9;51.2
139261014;FORMACIÓN BÁSICA;1;2013-14;217;FUNDAMENTOS FÍSICOS PARA LA INGENIERÍA;53.9;63.6
139261014;FORMACIÓN BÁSICA;1;2014-15;224;FUNDAMENTOS FÍSICOS PARA LA INGENIERÍA;57.6;64.5
139261014;FORMACIÓN BÁSICA;1;2015-16;187;FUNDAMENTOS FÍSICOS PARA LA INGENIERÍA;39.0;44.5
139261014;FORMACIÓN BÁSICA;1;2022-23;170;FUNDAMENTOS FÍSICOS PARA LA INGENIERÍA;61.8;70.9
139261014;FORMACIÓN BÁSICA;1;2016-17;203;FUNDAMENTOS FÍSICOS PARA LA INGENIERÍA;32.5;37.3
139261014;FORMACIÓN BÁSICA;1;2020-21;168;FUNDAMENTOS FÍSICOS PARA LA INGENIERÍA;83.3;87.5
139261014;FORMACIÓN BÁSICA;1;2011-12;177;FUNDAMENTOS FÍSICOS PARA LA INGENIERÍA;30.5;41.2
139261014;FORMACIÓN BÁSICA;1;2010-11;198;FUNDAMENTOS FÍSICOS PARA LA INGENIERÍA;30.3;40.8
139261015;FORMACIÓN BÁSICA;1;2011-12;200;ORGANIZACIONES EMPRESARIALES;57.5;64.6
139261015;FORMACIÓN BÁSICA;1;2025(*);143;ORGANIZACIONES EMPRESARIALES;95.1;99.3
139261015;FORMACIÓN BÁSICA;1;2019-20;153;ORGANIZACIONES EMPRESARIALES;92.2;97.2
139261015;FORMACIÓN BÁSICA;1;2021-22;160;ORGANIZACIONES EMPRESARIALES;86.9;91.4
139261015;FORMACIÓN BÁSICA;1;2023-24;151;ORGANIZACIONES EMPRESARIALES;92.7;98.6
139261015;FORMACIÓN BÁSICA;1;2017-18;173;ORGANIZACIONES EMPRESARIALES;75.1;76.9
139261015;FORMACIÓN BÁSICA;1;2018-19;167;ORGANIZACIONES EMPRESARIALES;78.4;85.1
139261015;FORMACIÓN BÁSICA;1;2012-13;133;ORGANIZACIONES EMPRESARIALES;73.7;79.7
139261015;FORMACIÓN BÁSICA;1;2013-14;165;ORGANIZACIONES EMPRESARIALES;63.6;71.4
139261015;FORMACIÓN BÁSICA;1;2014-15;175;ORGANIZACIONES EMPRESARIALES;85.7;90.4
139261015;FORMACIÓN BÁSICA;1;2015-16;146;ORGANIZACIONES EMPRESARIALES;69.9;77.3
139261015;FORMACIÓN BÁSICA;1;2022-23;146;ORGANIZACIONES EMPRESARIALES;95.2;96.5
139261015;FORMACIÓN BÁSICA;1;2016-17;157;ORGANIZACIONES EMPRESARIALES;70.1;76.9
139261015;FORMACIÓN BÁSICA;1;2020-21;145;ORGANIZACIONES EMPRESARIALES;89.0;93.5
139261015;FORMACIÓN BÁSICA;1;2024-25;139;ORGANIZACIONES EMPRESARIALES;97.8;100.0
139261015;FORMACIÓN BÁSICA;1;2010-11;305;ORGANIZACIONES EMPRESARIALES;50.2;57.7
139261021;OBLIGATORIA;1;2011-12;175;ALGORITMOS Y ESTRUCTURAS DE DATOS;36.6;71.1
139261021;OBLIGATORIA;1;2019-20;211;ALGORITMOS Y ESTRUCTURAS DE DATOS;57.8;79.7
139261021;OBLIGATORIA;1;2021-22;235;ALGORITMOS Y ESTRUCTURAS DE DATOS;52.3;86.6
139261021;OBLIGATORIA;1;2023-24;232;ALGORITMOS Y ESTRUCTURAS DE DATOS;36.2;58.3
139261021;OBLIGATORIA;1;2017-18;256;ALGORITMOS Y ESTRUCTURAS DE DATOS;27.7;75.5
139261021;OBLIGATORIA;1;2018-19;283;ALGORITMOS Y ESTRUCTURAS DE DATOS;59.4;93.9
139261021;OBLIGATORIA;1;2012-13;160;ALGORITMOS Y ESTRUCTURAS DE DATOS;24.4;68.4
139261021;OBLIGATORIA;1;2013-14;224;ALGORITMOS Y ESTRUCTURAS DE DATOS;23.2;67.5
139261021;OBLIGATORIA;1;2014-15;290;ALGORITMOS Y ESTRUCTURAS DE DATOS;37.6;71.7
139261021;OBLIGATORIA;1;2015-16;267;ALGORITMOS Y ESTRUCTURAS DE DATOS;34.1;68.4
139261021;OBLIGATORIA;1;2022-23;219;ALGORITMOS Y ESTRUCTURAS DE DATOS;46.6;72.3
139261021;OBLIGATORIA;1;2016-17;234;ALGORITMOS Y ESTRUCTURAS DE DATOS;31.6;83.1
139261021;OBLIGATORIA;1;2020-21;205;ALGORITMOS Y ESTRUCTURAS DE DATOS;35.6;73.7
139261021;OBLIGATORIA;1;2024-25;252;ALGORITMOS Y ESTRUCTURAS DE DATOS;46.8;69.0
139261021;OBLIGATORIA;1;2010-11;228;ALGORITMOS Y ESTRUCTURAS DE DATOS;27.2;66.0
139261022;FORMACIÓN BÁSICA;1;2011-12;164;PRINCIPIOS DE COMPUTADORES;48.8;78.4
139261022;FORMACIÓN BÁSICA;1;2019-20;214;PRINCIPIOS DE COMPUTADORES;60.3;80.1
139261022;FORMACIÓN BÁSICA;1;2021-22;215;PRINCIPIOS DE COMPUTADORES;53.0;82.6
139261022;FORMACIÓN BÁSICA;1;2023-24;215;PRINCIPIOS DE COMPUTADORES;50.2;79.4
139261022;FORMACIÓN BÁSICA;1;2017-18;209;PRINCIPIOS DE COMPUTADORES;44.0;71.3
139261022;FORMACIÓN BÁSICA;1;2018-19;213;PRINCIPIOS DE COMPUTADORES;48.4;75.7
139261022;FORMACIÓN BÁSICA;1;2012-13;134;PRINCIPIOS DE COMPUTADORES;48.5;75.6
139261022;FORMACIÓN BÁSICA;1;2013-14;193;PRINCIPIOS DE COMPUTADORES;41.5;72.7
139261022;FORMACIÓN BÁSICA;1;2014-15;220;PRINCIPIOS DE COMPUTADORES;58.6;87.2
139261022;FORMACIÓN BÁSICA;1;2015-16;188;PRINCIPIOS DE COMPUTADORES;39.9;70.8
139261022;FORMACIÓN BÁSICA;1;2022-23;208;PRINCIPIOS DE COMPUTADORES;49.0;73.4
139261022;FORMACIÓN BÁSICA;1;2016-17;181;PRINCIPIOS DE COMPUTADORES;43.6;71.2
139261022;FORMACIÓN BÁSICA;1;2020-21;197;PRINCIPIOS DE COMPUTADORES;46.2;82.0
139261022;FORMACIÓN BÁSICA;1;2024-25;215;PRINCIPIOS DE COMPUTADORES;55.8;79.5
139261022;FORMACIÓN BÁSICA;1;2010-11;295;PRINCIPIOS DE COMPUTADORES;54.2;80.0
139261023;FORMACIÓN BÁSICA;1;2011-12;242;OPTIMIZACIÓN;36.4;64.2
139261023;FORMACIÓN BÁSICA;1;2019-20;219;OPTIMIZACIÓN;60.7;94.3
139261023;FORMACIÓN BÁSICA;1;2021-22;225;OPTIMIZACIÓN;45.8;73.0
139261023;FORMACIÓN BÁSICA;1;2023-24;206;OPTIMIZACIÓN;53.4;82.1
139261023;FORMACIÓN BÁSICA;1;2017-18;232;OPTIMIZACIÓN;37.9;66.2
139261023;FORMACIÓN BÁSICA;1;2018-19;253;OPTIMIZACIÓN;50.2;79.4
139261023;FORMACIÓN BÁSICA;1;2012-13;197;OPTIMIZACIÓN;35.0;67.0
139261023;FORMACIÓN BÁSICA;1;2013-14;260;OPTIMIZACIÓN;48.1;73.1
139261023;FORMACIÓN BÁSICA;1;2014-15;271;OPTIMIZACIÓN;42.1;67.9
139261023;FORMACIÓN BÁSICA;1;2015-16;243;OPTIMIZACIÓN;34.2;64.3
139261023;FORMACIÓN BÁSICA;1;2022-23;226;OPTIMIZACIÓN;59.7;82.3
139261023;FORMACIÓN BÁSICA;1;2016-17;226;OPTIMIZACIÓN;45.1;81.0
139261023;FORMACIÓN BÁSICA;1;2020-21;204;OPTIMIZACIÓN;46.6;81.9
139261023;FORMACIÓN BÁSICA;1;2024-25;213;OPTIMIZACIÓN;58.2;83.2
139261023;FORMACIÓN BÁSICA;1;2010-11;290;OPTIMIZACIÓN;31.0;74.4
139261024;FORMACIÓN BÁSICA;1;2011-12;179;SISTEMAS ELECTRÓNICOS DIGITALES;48.6;67.4
139261024;FORMACIÓN BÁSICA;1;2019-20;240;SISTEMAS ELECTRÓNICOS DIGITALES;67.1;88.0
139261024;FORMACIÓN BÁSICA;1;2021-22;226;SISTEMAS ELECTRÓNICOS DIGITALES;54.4;75.0
139261024;FORMACIÓN BÁSICA;1;2023-24;199;SISTEMAS ELECTRÓNICOS DIGITALES;52.8;75.5
139261024;FORMACIÓN BÁSICA;1;2017-18;253;SISTEMAS ELECTRÓNICOS DIGITALES;33.2;62.7
139261024;FORMACIÓN BÁSICA;1;2018-19;263;SISTEMAS ELECTRÓNICOS DIGITALES;42.6;74.7
139261024;FORMACIÓN BÁSICA;1;2012-13;131;SISTEMAS ELECTRÓNICOS DIGITALES;45.0;65.6
139261024;FORMACIÓN BÁSICA;1;2013-14;199;SISTEMAS ELECTRÓNICOS DIGITALES;40.7;57.0
139261024;FORMACIÓN BÁSICA;1;2014-15;236;SISTEMAS ELECTRÓNICOS DIGITALES;42.4;64.1
139261024;FORMACIÓN BÁSICA;1;2015-16;227;SISTEMAS ELECTRÓNICOS DIGITALES;29.5;57.8
139261024;FORMACIÓN BÁSICA;1;2022-23;211;SISTEMAS ELECTRÓNICOS DIGITALES;62.1;86.8
139261024;FORMACIÓN BÁSICA;1;2016-17;227;SISTEMAS ELECTRÓNICOS DIGITALES;32.6;56.9
139261024;FORMACIÓN BÁSICA;1;2020-21;194;SISTEMAS ELECTRÓNICOS DIGITALES;42.3;69.5
139261024;FORMACIÓN BÁSICA;1;2024-25;201;SISTEMAS ELECTRÓNICOS DIGITALES;53.7;73.5
139261024;FORMACIÓN BÁSICA;1;2010-11;215;SISTEMAS ELECTRÓNICOS DIGITALES;43.7;64.4
139261025;FORMACIÓN BÁSICA;1;2011-12;161;EXPRESIÓN GRÁFICA EN INGENIERÍA;83.9;100.0
139261025;FORMACIÓN BÁSICA;1;2021-22;164;EXPRESIÓN GRÁFICA EN INGENIERÍA;84.8;100.0
139261025;FORMACIÓN BÁSICA;1;2023-24;160;EXPRESIÓN GRÁFICA EN INGENIERÍA;81.9;97.0
139261025;FORMACIÓN BÁSICA;1;2017-18;162;EXPRESIÓN GRÁFICA EN INGENIERÍA;85.2;100.0
139261025;FORMACIÓN BÁSICA;1;2018-19;156;EXPRESIÓN GRÁFICA EN INGENIERÍA;80.8;100.0
139261025;FORMACIÓN BÁSICA;1;2012-13;121;EXPRESIÓN GRÁFICA EN INGENIERÍA;85.1;99.0
139261025;FORMACIÓN BÁSICA;1;2013-14;161;EXPRESIÓN GRÁFICA EN INGENIERÍA;85.7;99.3
139261025;FORMACIÓN BÁSICA;1;2014-15;160;EXPRESIÓN GRÁFICA EN INGENIERÍA;83.8;99.3
139261025;FORMACIÓN BÁSICA;1;2015-16;154;EXPRESIÓN GRÁFICA EN INGENIERÍA;78.6;100.0
139261025;FORMACIÓN BÁSICA;1;2022-23;155;EXPRESIÓN GRÁFICA EN INGENIERÍA;87.7;93.2
139261025;FORMACIÓN BÁSICA;1;2016-17;151;EXPRESIÓN GRÁFICA EN INGENIERÍA;86.1;100.0
139261025;FORMACIÓN BÁSICA;1;2024-25;154;EXPRESIÓN GRÁFICA EN INGENIERÍA;84.4;97.7
139261025;FORMACIÓN BÁSICA;1;2020-21;151;EXPRESIÓN GRÁFICA EN INGENIERÍA;82.1;99.2
139261025;FORMACIÓN BÁSICA;1;2019-20;153;EXPRESIÓN GRÁFICA EN INGENIERÍA;88.9;100.0
139261025;FORMACIÓN BÁSICA;1;2010-11;297;EXPRESIÓN GRÁFICA EN INGENIERÍA;86.9;92.1
139262011;FORMACIÓN BÁSICA;2;2020-21;219;ESTADÍSTICA;48.4;76.8
139262011;FORMACIÓN BÁSICA;2;2025(*);191;ESTADÍSTICA;42.9;62.6
139262011;FORMACIÓN BÁSICA;2;2019-20;208;ESTADÍSTICA;53.8;76.7
139262011;FORMACIÓN BÁSICA;2;2021-22;192;ESTADÍSTICA;41.7;70.8
139262011;FORMACIÓN BÁSICA;2;2023-24;153;ESTADÍSTICA;52.9;73.0
139262011;FORMACIÓN BÁSICA;2;2017-18;163;ESTADÍSTICA;49.1;76.9
139262011;FORMACIÓN BÁSICA;2;2018-19;192;ESTADÍSTICA;33.9;59.1
139262011;FORMACIÓN BÁSICA;2;2010-11;59;ESTADÍSTICA;57.6;85.0
139262011;FORMACIÓN BÁSICA;2;2012-13;196;ESTADÍSTICA;36.2;61.7
139262011;FORMACIÓN BÁSICA;2;2013-14;185;ESTADÍSTICA;43.2;71.4
139262011;FORMACIÓN BÁSICA;2;2014-15;201;ESTADÍSTICA;43.3;70.2
139262011;FORMACIÓN BÁSICA;2;2015-16;187;ESTADÍSTICA;50.8;79.8
139262011;FORMACIÓN BÁSICA;2;2022-23;191;ESTADÍSTICA;54.5;86.0
139262011;FORMACIÓN BÁSICA;2;2016-17;139;ESTADÍSTICA;44.6;69.7
139262011;FORMACIÓN BÁSICA;2;2024-25;194;ESTADÍSTICA;63.9;82.7
139262011;FORMACIÓN BÁSICA;2;2011-12;143;ESTADÍSTICA;20.3;55.8
139262012;FORMACIÓN BÁSICA;2;2020-21;250;COMPUTABILIDAD Y ALGORITMIA;18.8;40.2
139262012;FORMACIÓN BÁSICA;2;2025(*);242;COMPUTABILIDAD Y ALGORITMIA;33.9;49.1
139262012;FORMACIÓN BÁSICA;2;2019-20;206;COMPUTABILIDAD Y ALGORITMIA;45.6;82.5
139262012;FORMACIÓN BÁSICA;2;2021-22;266;COMPUTABILIDAD Y ALGORITMIA;31.6;60.9
139262012;FORMACIÓN BÁSICA;2;2023-24;255;COMPUTABILIDAD Y ALGORITMIA;32.2;46.6
139262012;FORMACIÓN BÁSICA;2;2017-18;146;COMPUTABILIDAD Y ALGORITMIA;39.7;84.1
139262012;FORMACIÓN BÁSICA;2;2018-19;190;COMPUTABILIDAD Y ALGORITMIA;34.2;60.7
139262012;FORMACIÓN BÁSICA;2;2010-11;46;COMPUTABILIDAD Y ALGORITMIA;54.3;71.4
139262012;FORMACIÓN BÁSICA;2;2012-13;201;COMPUTABILIDAD Y ALGORITMIA;54.2;68.6
139262012;FORMACIÓN BÁSICA;2;2013-14;159;COMPUTABILIDAD Y ALGORITMIA;46.5;60.7
139262012;FORMACIÓN BÁSICA;2;2014-15;154;COMPUTABILIDAD Y ALGORITMIA;63.0;77.0
139262012;FORMACIÓN BÁSICA;2;2015-16;150;COMPUTABILIDAD Y ALGORITMIA;40.7;68.5
139262012;FORMACIÓN BÁSICA;2;2022-23;254;COMPUTABILIDAD Y ALGORITMIA;27.6;46.1
139262012;FORMACIÓN BÁSICA;2;2016-17;129;COMPUTABILIDAD Y ALGORITMIA;41.9;72.0
139262012;FORMACIÓN BÁSICA;2;2024-25;261;COMPUTABILIDAD Y ALGORITMIA;46.7;68.5
139262012;FORMACIÓN BÁSICA;2;2011-12;155;COMPUTABILIDAD Y ALGORITMIA;31.0;44.0
139262013;OBLIGATORIA;2;2020-21;183;ESTRUCTURA DE COMPUTADORES;49.2;85.7
139262013;OBLIGATORIA;2;2025(*);174;ESTRUCTURA DE COMPUTADORES;26.4;54.8
139262013;OBLIGATORIA;2;2019-20;169;ESTRUCTURA DE COMPUTADORES;68.6;90.6
139262013;OBLIGATORIA;2;2021-22;162;ESTRUCTURA DE COMPUTADORES;48.8;84.0
139262013;OBLIGATORIA;2;2023-24;171;ESTRUCTURA DE COMPUTADORES;62.6;87.7
139262013;OBLIGATORIA;2;2017-18;121;ESTRUCTURA DE COMPUTADORES;55.4;81.7
139262013;OBLIGATORIA;2;2018-19;161;ESTRUCTURA DE COMPUTADORES;54.0;75.0
139262013;OBLIGATORIA;2;2010-11;42;ESTRUCTURA DE COMPUTADORES;54.8;82.1
139262013;OBLIGATORIA;2;2012-13;205;ESTRUCTURA DE COMPUTADORES;49.3;66.9
139262013;OBLIGATORIA;2;2013-14;166;ESTRUCTURA DE COMPUTADORES;50.0;72.2
139262013;OBLIGATORIA;2;2014-15;160;ESTRUCTURA DE COMPUTADORES;55.6;82.4
139262013;OBLIGATORIA;2;2015-16;163;ESTRUCTURA DE COMPUTADORES;63.8;85.2
139262013;OBLIGATORIA;2;2022-23;183;ESTRUCTURA DE COMPUTADORES;60.7;82.2
139262013;OBLIGATORIA;2;2016-17;117;ESTRUCTURA DE COMPUTADORES;57.3;83.8
139262013;OBLIGATORIA;2;2024-25;170;ESTRUCTURA DE COMPUTADORES;62.9;84.3
139262013;OBLIGATORIA;2;2011-12;168;ESTRUCTURA DE COMPUTADORES;44.0;75.5
139262014;OBLIGATORIA;2;2011-12;128;SISTEMAS OPERATIVOS;58.6;86.2
139262014;OBLIGATORIA;2;2025(*);157;SISTEMAS OPERATIVOS;47.8;58.1
139262014;OBLIGATORIA;2;2019-20;183;SISTEMAS OPERATIVOS;57.4;94.6
139262014;OBLIGATORIA;2;2021-22;191;SISTEMAS OPERATIVOS;44.0;83.2
139262014;OBLIGATORIA;2;2023-24;173;SISTEMAS OPERATIVOS;52.0;73.2
139262014;OBLIGATORIA;2;2017-18;142;SISTEMAS OPERATIVOS;55.6;84.9
139262014;OBLIGATORIA;2;2018-19;172;SISTEMAS OPERATIVOS;43.6;79.8
139262014;OBLIGATORIA;2;2012-13;129;SISTEMAS OPERATIVOS;59.7;82.8
139262014;OBLIGATORIA;2;2013-14;111;SISTEMAS OPERATIVOS;49.5;77.5
139262014;OBLIGATORIA;2;2014-15;134;SISTEMAS OPERATIVOS;50.7;81.9
139262014;OBLIGATORIA;2;2015-16;150;SISTEMAS OPERATIVOS;54.7;87.2
139262014;OBLIGATORIA;2;2022-23;189;SISTEMAS OPERATIVOS;67.7;83.1
139262014;OBLIGATORIA;2;2016-17;115;SISTEMAS OPERATIVOS;41.7;82.8
139262014;OBLIGATORIA;2;2020-21;208;SISTEMAS OPERATIVOS;38.5;80.0
139262014;OBLIGATORIA;2;2024-25;190;SISTEMAS OPERATIVOS;71.1;82.3
139262014;OBLIGATORIA;2;2010-11;65;SISTEMAS OPERATIVOS;53.8;83.3
139262015;OBLIGATORIA;2;2020-21;137;INGLÉS TÉCNICO;96.4;100.0
139262015;OBLIGATORIA;2;2025(*);120;INGLÉS TÉCNICO;93.3;97.4
139262015;OBLIGATORIA;2;2019-20;104;INGLÉS TÉCNICO;94.2;100.0
139262015;OBLIGATORIA;2;2021-22;116;INGLÉS TÉCNICO;94.0;100.0
139262015;OBLIGATORIA;2;2023-24;127;INGLÉS TÉCNICO;97.6;100.0
139262015;OBLIGATORIA;2;2017-18;97;INGLÉS TÉCNICO;94.8;100.0
139262015;OBLIGATORIA;2;2018-19;124;INGLÉS TÉCNICO;92.7;100.0
139262015;OBLIGATORIA;2;2012-13;82;INGLÉS TÉCNICO;91.5;100.0
139262015;OBLIGATORIA;2;2013-14;81;INGLÉS TÉCNICO;92.6;100.0
139262015;OBLIGATORIA;2;2014-15;91;INGLÉS TÉCNICO;95.6;100.0
139262015;OBLIGATORIA;2;2015-16;98;INGLÉS TÉCNICO;98.0;100.0
139262015;OBLIGATORIA;2;2022-23;127;INGLÉS TÉCNICO;94.5;98.4
139262015;OBLIGATORIA;2;2016-17;91;INGLÉS TÉCNICO;97.8;100.0
139262015;OBLIGATORIA;2;2024-25;124;INGLÉS TÉCNICO;94.4;98.3
139262015;OBLIGATORIA;2;2011-12;82;INGLÉS TÉCNICO;91.5;98.7
139262021;OBLIGATORIA;2;2024-25;162;ALGORITMOS Y ESTRUCTURAS DE DATOS AVANZADAS;64.8;89.0
139262021;OBLIGATORIA;2;2019-20;186;ALGORITMOS Y ESTRUCTURAS DE DATOS AVANZADAS;71.5;95.7
139262021;OBLIGATORIA;2;2021-22;171;ALGORITMOS Y ESTRUCTURAS DE DATOS AVANZADAS;49.7;85.0
139262021;OBLIGATORIA;2;2023-24;182;ALGORITMOS Y ESTRUCTURAS DE DATOS AVANZADAS;68.7;93.3
139262021;OBLIGATORIA;2;2017-18;121;ALGORITMOS Y ESTRUCTURAS DE DATOS AVANZADAS;54.5;90.4
139262021;OBLIGATORIA;2;2018-19;140;ALGORITMOS Y ESTRUCTURAS DE DATOS AVANZADAS;47.1;94.3
139262021;OBLIGATORIA;2;2012-13;143;ALGORITMOS Y ESTRUCTURAS DE DATOS AVANZADAS;55.2;86.8
139262021;OBLIGATORIA;2;2013-14;91;ALGORITMOS Y ESTRUCTURAS DE DATOS AVANZADAS;54.9;89.3
139262021;OBLIGATORIA;2;2014-15;109;ALGORITMOS Y ESTRUCTURAS DE DATOS AVANZADAS;47.7;86.7
139262021;OBLIGATORIA;2;2015-16;153;ALGORITMOS Y ESTRUCTURAS DE DATOS AVANZADAS;62.7;94.1
139262021;OBLIGATORIA;2;2022-23;190;ALGORITMOS Y ESTRUCTURAS DE DATOS AVANZADAS;51.1;87.4
139262021;OBLIGATORIA;2;2016-17;110;ALGORITMOS Y ESTRUCTURAS DE DATOS AVANZADAS;56.4;82.7
139262021;OBLIGATORIA;2;2020-21;197;ALGORITMOS Y ESTRUCTURAS DE DATOS AVANZADAS;35.5;79.5
139262021;OBLIGATORIA;2;2011-12;97;ALGORITMOS Y ESTRUCTURAS DE DATOS AVANZADAS;55.7;88.5
139262021;OBLIGATORIA;2;2010-11;13;ALGORITMOS Y ESTRUCTURAS DE DATOS AVANZADAS;92.3;100.0
139262022;OBLIGATORIA;2;2016-17;109;REDES Y SISTEMAS DISTRIBUIDOS;56.0;78.2
139262022;OBLIGATORIA;2;2022-23;144;REDES Y SISTEMAS DISTRIBUIDOS;77.1;88.1
139262022;OBLIGATORIA;2;2013-14;83;REDES Y SISTEMAS DISTRIBUIDOS;62.7;78.8
139262022;OBLIGATORIA;2;2012-13;129;REDES Y SISTEMAS DISTRIBUIDOS;74.4;80.0
139262022;OBLIGATORIA;2;2018-19;131;REDES Y SISTEMAS DISTRIBUIDOS;62.6;78.1
139262022;OBLIGATORIA;2;2024-25;141;REDES Y SISTEMAS DISTRIBUIDOS;68.1;79.3
139262022;OBLIGATORIA;2;2020-21;153;REDES Y SISTEMAS DISTRIBUIDOS;68.6;86.8
139262022;OBLIGATORIA;2;2017-18;121;REDES Y SISTEMAS DISTRIBUIDOS;56.2;82.9
139262022;OBLIGATORIA;2;2023-24;138;REDES Y SISTEMAS DISTRIBUIDOS;76.8;85.5
139262022;OBLIGATORIA;2;2010-11;43;REDES Y SISTEMAS DISTRIBUIDOS;81.4;100.0
139262022;OBLIGATORIA;2;2011-12;142;REDES Y SISTEMAS DISTRIBUIDOS;83.1;90.8
139262022;OBLIGATORIA;2;2014-15;100;REDES Y SISTEMAS DISTRIBUIDOS;55.0;78.6
139262022;OBLIGATORIA;2;2015-16;130;REDES Y SISTEMAS DISTRIBUIDOS;61.5;80.0
139262022;OBLIGATORIA;2;2019-20;149;REDES Y SISTEMAS DISTRIBUIDOS;86.6;98.5
139262022;OBLIGATORIA;2;2021-22;117;REDES Y SISTEMAS DISTRIBUIDOS;57.3;82.7
139262023;OBLIGATORIA;2;2015-16;164;ADMINISTRACIÓN DE SISTEMAS;51.2;70.6
139262023;OBLIGATORIA;2;2014-15;168;ADMINISTRACIÓN DE SISTEMAS;42.3;58.2
139262023;OBLIGATORIA;2;2013-14;125;ADMINISTRACIÓN DE SISTEMAS;40.8;57.3
139262023;OBLIGATORIA;2;2012-13;168;ADMINISTRACIÓN DE SISTEMAS;40.5;52.3
139262023;OBLIGATORIA;2;2018-19;160;ADMINISTRACIÓN DE SISTEMAS;55.0;74.6
139262023;OBLIGATORIA;2;2017-18;137;ADMINISTRACIÓN DE SISTEMAS;46.0;64.9
139262023;OBLIGATORIA;2;2023-24;152;ADMINISTRACIÓN DE SISTEMAS;65.1;73.3
139262023;OBLIGATORIA;2;2021-22;147;ADMINISTRACIÓN DE SISTEMAS;53.1;75.0
139262023;OBLIGATORIA;2;2019-20;164;ADMINISTRACIÓN DE SISTEMAS;81.1;91.1
139262023;OBLIGATORIA;2;2024-25;163;ADMINISTRACIÓN DE SISTEMAS;58.3;63.8
139262023;OBLIGATORIA;2;2010-11;46;ADMINISTRACIÓN DE SISTEMAS;45.7;63.6
139262023;OBLIGATORIA;2;2011-12;164;ADMINISTRACIÓN DE SISTEMAS;56.1;71.3
139262023;OBLIGATORIA;2;2020-21;169;ADMINISTRACIÓN DE SISTEMAS;56.2;77.9
139262023;OBLIGATORIA;2;2022-23;162;ADMINISTRACIÓN DE SISTEMAS;71.6;77.3
139262023;OBLIGATORIA;2;2016-17;137;ADMINISTRACIÓN DE SISTEMAS;59.9;75.2
139262024;OBLIGATORIA;2;2024-25;119;FUNDAMENTOS DE INGENIERÍA DEL SOFTWARE;95.0;100.0
139262024;OBLIGATORIA;2;2011-12;180;FUNDAMENTOS DE INGENIERÍA DEL SOFTWARE;85.6;95.7
139262024;OBLIGATORIA;2;2019-20;121;FUNDAMENTOS DE INGENIERÍA DEL SOFTWARE;88.4;98.2
139262024;OBLIGATORIA;2;2023-24;127;FUNDAMENTOS DE INGENIERÍA DEL SOFTWARE;92.1;99.2
139262024;OBLIGATORIA;2;2013-14;91;FUNDAMENTOS DE INGENIERÍA DEL SOFTWARE;78.0;92.2
139262024;OBLIGATORIA;2;2020-21;140;FUNDAMENTOS DE INGENIERÍA DEL SOFTWARE;83.6;95.1
139262024;OBLIGATORIA;2;2010-11;35;FUNDAMENTOS DE INGENIERÍA DEL SOFTWARE;88.6;100.0
139262024;OBLIGATORIA;2;2014-15;94;FUNDAMENTOS DE INGENIERÍA DEL SOFTWARE;90.4;96.6
139262024;OBLIGATORIA;2;2018-19;116;FUNDAMENTOS DE INGENIERÍA DEL SOFTWARE;90.5;100.0
139262024;OBLIGATORIA;2;2022-23;124;FUNDAMENTOS DE INGENIERÍA DEL SOFTWARE;90.3;98.2
139262024;OBLIGATORIA;2;2021-22;116;FUNDAMENTOS DE INGENIERÍA DEL SOFTWARE;86.2;99.0
139262024;OBLIGATORIA;2;2015-16;107;FUNDAMENTOS DE INGENIERÍA DEL SOFTWARE;89.7;100.0
139262024;OBLIGATORIA;2;2012-13;118;FUNDAMENTOS DE INGENIERÍA DEL SOFTWARE;78.0;88.5
139262024;OBLIGATORIA;2;2016-17;83;FUNDAMENTOS DE INGENIERÍA DEL SOFTWARE;88.0;98.6
139262024;OBLIGATORIA;2;2017-18;97;FUNDAMENTOS DE INGENIERÍA DEL SOFTWARE;86.6;97.7
139262025;OBLIGATORIA;2;2017-18;112;CÓDIGO DEONTOLÓGICO Y ASPECTOS LEGALES;82.1;94.8
139262025;OBLIGATORIA;2;2013-14;93;CÓDIGO DEONTOLÓGICO Y ASPECTOS LEGALES;93.5;98.9
139262025;OBLIGATORIA;2;2020-21;140;CÓDIGO DEONTOLÓGICO Y ASPECTOS LEGALES;92.1;94.9
139262025;OBLIGATORIA;2;2021-22;97;CÓDIGO DEONTOLÓGICO Y ASPECTOS LEGALES;92.8;100.0
139262025;OBLIGATORIA;2;2012-13;112;CÓDIGO DEONTOLÓGICO Y ASPECTOS LEGALES;93.8;100.0
139262025;OBLIGATORIA;2;2018-19;133;CÓDIGO DEONTOLÓGICO Y ASPECTOS LEGALES;91.0;100.0
139262025;OBLIGATORIA;2;2011-12;204;CÓDIGO DEONTOLÓGICO Y ASPECTOS LEGALES;91.2;100.0
139262025;OBLIGATORIA;2;2023-24;125;CÓDIGO DEONTOLÓGICO Y ASPECTOS LEGALES;98.4;100.0
139262025;OBLIGATORIA;2;2024-25;124;CÓDIGO DEONTOLÓGICO Y ASPECTOS LEGALES;93.5;96.7
139262025;OBLIGATORIA;2;2014-15;87;CÓDIGO DEONTOLÓGICO Y ASPECTOS LEGALES;94.3;100.0
139262025;OBLIGATORIA;2;2019-20;110;CÓDIGO DEONTOLÓGICO Y ASPECTOS LEGALES;95.5;100.0
139262025;OBLIGATORIA;2;2015-16;96;CÓDIGO DEONTOLÓGICO Y ASPECTOS LEGALES;91.7;100.0
139262025;OBLIGATORIA;2;2010-11;56;CÓDIGO DEONTOLÓGICO Y ASPECTOS LEGALES;94.6;100.0
139262025;OBLIGATORIA;2;2022-23;128;CÓDIGO DEONTOLÓGICO Y ASPECTOS LEGALES;96.1;100.0
139262025;OBLIGATORIA;2;2016-17;97;CÓDIGO DEONTOLÓGICO Y ASPECTOS LEGALES;79.4;97.5
139263011;OBLIGATORIA;3;2014-15;102;BASES DE DATOS;66.7;80.0
139263011;OBLIGATORIA;3;2020-21;146;BASES DE DATOS;52.7;68.1
139263011;OBLIGATORIA;3;2023-24;146;BASES DE DATOS;62.3;75.8
139263011;OBLIGATORIA;3;2016-17;113;BASES DE DATOS;56.6;76.2
139263011;OBLIGATORIA;3;2013-14;128;BASES DE DATOS;45.3;62.4
139263011;OBLIGATORIA;3;2017-18;108;BASES DE DATOS;39.8;61.4
139263011;OBLIGATORIA;3;2015-16;73;BASES DE DATOS;58.9;76.8
139263011;OBLIGATORIA;3;2012-13;84;BASES DE DATOS;46.4;70.9
139263011;OBLIGATORIA;3;2018-19;113;BASES DE DATOS;64.6;83.9
139263011;OBLIGATORIA;3;2021-22;160;BASES DE DATOS;50.6;61.4
139263011;OBLIGATORIA;3;2011-12;43;BASES DE DATOS;60.5;83.9
139263011;OBLIGATORIA;3;2024-25;141;BASES DE DATOS;63.8;80.4
139263011;OBLIGATORIA;3;2019-20;118;BASES DE DATOS;81.4;91.4
139263011;OBLIGATORIA;3;2022-23;131;BASES DE DATOS;64.1;66.7
139263011;OBLIGATORIA;3;2025(*);157;BASES DE DATOS;63.1;82.5
139263012;OBLIGATORIA;3;2025(*);118;INTELIGENCIA ARTIFICIAL;83.9;90.8
139263012;OBLIGATORIA;3;2024-25;127;INTELIGENCIA ARTIFICIAL;83.5;97.2
139263012;OBLIGATORIA;3;2022-23;87;INTELIGENCIA ARTIFICIAL;95.4;97.6
139263012;OBLIGATORIA;3;2016-17;90;INTELIGENCIA ARTIFICIAL;91.1;100.0
139263012;OBLIGATORIA;3;2015-16;87;INTELIGENCIA ARTIFICIAL;94.3;100.0
139263012;OBLIGATORIA;3;2014-15;91;INTELIGENCIA ARTIFICIAL;90.1;100.0
139263012;OBLIGATORIA;3;2013-14;130;INTELIGENCIA ARTIFICIAL;80.8;90.5
139263012;OBLIGATORIA;3;2012-13;123;INTELIGENCIA ARTIFICIAL;57.7;73.2
139263012;OBLIGATORIA;3;2011-12;54;INTELIGENCIA ARTIFICIAL;70.4;95.0
139263012;OBLIGATORIA;3;2020-21;152;INTELIGENCIA ARTIFICIAL;85.5;94.9
139263012;OBLIGATORIA;3;2018-19;75;INTELIGENCIA ARTIFICIAL;84.0;96.9
139263012;OBLIGATORIA;3;2017-18;73;INTELIGENCIA ARTIFICIAL;94.5;100.0
139263012;OBLIGATORIA;3;2023-24;135;INTELIGENCIA ARTIFICIAL;77.8;86.8
139263012;OBLIGATORIA;3;2021-22;116;INTELIGENCIA ARTIFICIAL;74.1;93.5
139263012;OBLIGATORIA;3;2019-20;103;INTELIGENCIA ARTIFICIAL;74.8;95.1
139263013;OBLIGATORIA;3;2011-12;56;SISTEMAS DE INTERACCIÓN PERSONA-COMPUTADOR;96.4;100.0
139263013;OBLIGATORIA;3;2020-21;114;SISTEMAS DE INTERACCIÓN PERSONA-COMPUTADOR;93.9;96.4
139263013;OBLIGATORIA;3;2025(*);124;SISTEMAS DE INTERACCIÓN PERSONA-COMPUTADOR;96.0;99.2
139263013;OBLIGATORIA;3;2021-22;107;SISTEMAS DE INTERACCIÓN PERSONA-COMPUTADOR;92.5;99.0
139263013;OBLIGATORIA;3;2013-14;96;SISTEMAS DE INTERACCIÓN PERSONA-COMPUTADOR;92.7;98.9
139263013;OBLIGATORIA;3;2024-25;102;SISTEMAS DE INTERACCIÓN PERSONA-COMPUTADOR;98.0;100.0
139263013;OBLIGATORIA;3;2023-24;113;SISTEMAS DE INTERACCIÓN PERSONA-COMPUTADOR;97.3;99.1
139263013;OBLIGATORIA;3;2014-15;58;SISTEMAS DE INTERACCIÓN PERSONA-COMPUTADOR;100.0;100.0
139263013;OBLIGATORIA;3;2022-23;81;SISTEMAS DE INTERACCIÓN PERSONA-COMPUTADOR;100.0;100.0
139263013;OBLIGATORIA;3;2015-16;74;SISTEMAS DE INTERACCIÓN PERSONA-COMPUTADOR;89.2;98.5
139263013;OBLIGATORIA;3;2012-13;121;SISTEMAS DE INTERACCIÓN PERSONA-COMPUTADOR;92.6;97.4
139263013;OBLIGATORIA;3;2018-19;83;SISTEMAS DE INTERACCIÓN PERSONA-COMPUTADOR;91.6;100.0
139263013;OBLIGATORIA;3;2016-17;85;SISTEMAS DE INTERACCIÓN PERSONA-COMPUTADOR;95.3;100.0
139263013;OBLIGATORIA;3;2019-20;94;SISTEMAS DE INTERACCIÓN PERSONA-COMPUTADOR;90.4;100.0
139263013;OBLIGATORIA;3;2017-18;68;SISTEMAS DE INTERACCIÓN PERSONA-COMPUTADOR;95.6;97.0
139263014;OBLIGATORIA;3;2012-13;136;LENGUAJES Y PARADIGMAS DE PROGRAMACIÓN;55.1;75.0
139263014;OBLIGATORIA;3;2013-14;148;LENGUAJES Y PARADIGMAS DE PROGRAMACIÓN;66.9;86.8
139263014;OBLIGATORIA;3;2014-15;91;LENGUAJES Y PARADIGMAS DE PROGRAMACIÓN;61.5;78.9
139263014;OBLIGATORIA;3;2015-16;108;LENGUAJES Y PARADIGMAS DE PROGRAMACIÓN;65.7;85.5
139263014;OBLIGATORIA;3;2016-17;107;LENGUAJES Y PARADIGMAS DE PROGRAMACIÓN;69.2;88.1
139263014;OBLIGATORIA;3;2022-23;111;LENGUAJES Y PARADIGMAS DE PROGRAMACIÓN;77.5;91.5
139263014;OBLIGATORIA;3;2024-25;140;LENGUAJES Y PARADIGMAS DE PROGRAMACIÓN;72.1;86.3
139263014;OBLIGATORIA;3;2025(*);148;LENGUAJES Y PARADIGMAS DE PROGRAMACIÓN;37.8;56.6
139263014;OBLIGATORIA;3;2019-20;127;LENGUAJES Y PARADIGMAS DE PROGRAMACIÓN;75.6;97.0
139263014;OBLIGATORIA;3;2021-22;169;LENGUAJES Y PARADIGMAS DE PROGRAMACIÓN;64.5;84.5
139263014;OBLIGATORIA;3;2023-24;135;LENGUAJES Y PARADIGMAS DE PROGRAMACIÓN;65.2;85.4
139263014;OBLIGATORIA;3;2017-18;83;LENGUAJES Y PARADIGMAS DE PROGRAMACIÓN;73.5;93.8
139263014;OBLIGATORIA;3;2018-19;90;LENGUAJES Y PARADIGMAS DE PROGRAMACIÓN;55.6;78.1
139263014;OBLIGATORIA;3;2020-21;146;LENGUAJES Y PARADIGMAS DE PROGRAMACIÓN;56.2;75.9
139263014;OBLIGATORIA;3;2011-12;49;LENGUAJES Y PARADIGMAS DE PROGRAMACIÓN;81.6;95.2
139263015;OBLIGATORIA;3;2011-12;64;GESTIÓN DE PROYECTOS INFORMÁTICOS;92.2;95.2
139263015;OBLIGATORIA;3;2014-15;55;GESTIÓN DE PROYECTOS INFORMÁTICOS;96.4;98.1
139263015;OBLIGATORIA;3;2015-16;78;GESTIÓN DE PROYECTOS INFORMÁTICOS;98.7;100.0
139263015;OBLIGATORIA;3;2016-17;86;GESTIÓN DE PROYECTOS INFORMÁTICOS;97.7;98.8
139263015;OBLIGATORIA;3;2022-23;98;GESTIÓN DE PROYECTOS INFORMÁTICOS;99.0;100.0
139263015;OBLIGATORIA;3;2024-25;116;GESTIÓN DE PROYECTOS INFORMÁTICOS;97.4;98.3
139263015;OBLIGATORIA;3;2025(*);118;GESTIÓN DE PROYECTOS INFORMÁTICOS;94.1;96.5
139263015;OBLIGATORIA;3;2019-20;108;GESTIÓN DE PROYECTOS INFORMÁTICOS;97.2;98.1
139263015;OBLIGATORIA;3;2021-22;95;GESTIÓN DE PROYECTOS INFORMÁTICOS;92.6;97.8
139263015;OBLIGATORIA;3;2023-24;117;GESTIÓN DE PROYECTOS INFORMÁTICOS;95.7;99.1
139263015;OBLIGATORIA;3;2017-18;67;GESTIÓN DE PROYECTOS INFORMÁTICOS;94.0;95.5
139263015;OBLIGATORIA;3;2018-19;69;GESTIÓN DE PROYECTOS INFORMÁTICOS;92.8;95.5
139263015;OBLIGATORIA;3;2020-21;124;GESTIÓN DE PROYECTOS INFORMÁTICOS;95.2;98.3
139263015;OBLIGATORIA;3;2013-14;102;GESTIÓN DE PROYECTOS INFORMÁTICOS;90.2;94.8
139263015;OBLIGATORIA;3;2012-13;159;GESTIÓN DE PROYECTOS INFORMÁTICOS;91.8;93.6
139263121;OBLIGATORIA;3;2019-20;52;PROCESADORES DE LENGUAJES;63.5;100.0
139263121;OBLIGATORIA;3;2011-12;7;PROCESADORES DE LENGUAJES;85.7;85.7
139263121;OBLIGATORIA;3;2012-13;37;PROCESADORES DE LENGUAJES;75.7;93.3
139263121;OBLIGATORIA;3;2021-22;60;PROCESADORES DE LENGUAJES;51.7;83.8
139263121;OBLIGATORIA;3;2017-18;30;PROCESADORES DE LENGUAJES;26.7;88.9
139263121;OBLIGATORIA;3;2018-19;42;PROCESADORES DE LENGUAJES;42.9;81.8
139263121;OBLIGATORIA;3;2022-23;47;PROCESADORES DE LENGUAJES;63.8;88.2
139263121;OBLIGATORIA;3;2014-15;31;PROCESADORES DE LENGUAJES;51.6;80.0
139263121;OBLIGATORIA;3;2015-16;43;PROCESADORES DE LENGUAJES;48.8;80.8
139263121;OBLIGATORIA;3;2020-21;64;PROCESADORES DE LENGUAJES;43.8;80.0
139263121;OBLIGATORIA;3;2013-14;50;PROCESADORES DE LENGUAJES;58.0;93.5
139263121;OBLIGATORIA;3;2024-25;60;PROCESADORES DE LENGUAJES;65.0;70.9
139263121;OBLIGATORIA;3;2016-17;49;PROCESADORES DE LENGUAJES;79.6;95.1
139263121;OBLIGATORIA;3;2023-24;52;PROCESADORES DE LENGUAJES;55.8;78.4
139263122;OBLIGATORIA;3;2015-16;40;DISEÑO Y ANÁLISIS DE ALGORITMOS;55.0;88.0
139263122;OBLIGATORIA;3;2014-15;37;DISEÑO Y ANÁLISIS DE ALGORITMOS;54.1;90.9
139263122;OBLIGATORIA;3;2016-17;51;DISEÑO Y ANÁLISIS DE ALGORITMOS;74.5;88.4
139263122;OBLIGATORIA;3;2022-23;38;DISEÑO Y ANÁLISIS DE ALGORITMOS;78.9;90.9
139263122;OBLIGATORIA;3;2017-18;30;DISEÑO Y ANÁLISIS DE ALGORITMOS;86.7;100.0
139263122;OBLIGATORIA;3;2012-13;32;DISEÑO Y ANÁLISIS DE ALGORITMOS;40.6;81.3
139263122;OBLIGATORIA;3;2023-24;48;DISEÑO Y ANÁLISIS DE ALGORITMOS;70.8;94.4
139263122;OBLIGATORIA;3;2011-12;1;DISEÑO Y ANÁLISIS DE ALGORITMOS;0.0;
139263122;OBLIGATORIA;3;2021-22;42;DISEÑO Y ANÁLISIS DE ALGORITMOS;59.5;92.6
139263122;OBLIGATORIA;3;2013-14;56;DISEÑO Y ANÁLISIS DE ALGORITMOS;50.0;80.0
139263122;OBLIGATORIA;3;2019-20;39;DISEÑO Y ANÁLISIS DE ALGORITMOS;69.2;100.0
139263122;OBLIGATORIA;3;2018-19;23;DISEÑO Y ANÁLISIS DE ALGORITMOS;95.7;100.0
139263122;OBLIGATORIA;3;2024-25;52;DISEÑO Y ANÁLISIS DE ALGORITMOS;78.8;89.1
139263122;OBLIGATORIA;3;2020-21;44;DISEÑO Y ANÁLISIS DE ALGORITMOS;70.5;93.9
139263123;OBLIGATORIA;3;2015-16;30;PROGRAMACIÓN DE APLICACIONES INTERACTIVAS;86.7;89.7
139263123;OBLIGATORIA;3;2014-15;20;PROGRAMACIÓN DE APLICACIONES INTERACTIVAS;70.0;73.7
139263123;OBLIGATORIA;3;2013-14;35;PROGRAMACIÓN DE APLICACIONES INTERACTIVAS;71.4;100.0
139263123;OBLIGATORIA;3;2012-13;36;PROGRAMACIÓN DE APLICACIONES INTERACTIVAS;86.1;88.6
139263123;OBLIGATORIA;3;2011-12;8;PROGRAMACIÓN DE APLICACIONES INTERACTIVAS;100.0;100.0
139263123;OBLIGATORIA;3;2020-21;41;PROGRAMACIÓN DE APLICACIONES INTERACTIVAS;70.7;74.4
139263123;OBLIGATORIA;3;2018-19;24;PROGRAMACIÓN DE APLICACIONES INTERACTIVAS;79.2;79.2
139263123;OBLIGATORIA;3;2017-18;30;PROGRAMACIÓN DE APLICACIONES INTERACTIVAS;80.0;85.7
139263123;OBLIGATORIA;3;2023-24;48;PROGRAMACIÓN DE APLICACIONES INTERACTIVAS;66.7;94.1
139263123;OBLIGATORIA;3;2021-22;46;PROGRAMACIÓN DE APLICACIONES INTERACTIVAS;56.5;63.4
139263123;OBLIGATORIA;3;2019-20;40;PROGRAMACIÓN DE APLICACIONES INTERACTIVAS;77.5;83.8
139263123;OBLIGATORIA;3;2024-25;53;PROGRAMACIÓN DE APLICACIONES INTERACTIVAS;62.3;68.8
139263123;OBLIGATORIA;3;2022-23;38;PROGRAMACIÓN DE APLICACIONES INTERACTIVAS;71.1;90.0
139263123;OBLIGATORIA;3;2016-17;41;PROGRAMACIÓN DE APLICACIONES INTERACTIVAS;78.0;80.0
139263124;OBLIGATORIA;3;2023-24;46;INTELIGENCIA ARTIFICIAL AVANZADA;78.3;92.3
139263124;OBLIGATORIA;3;2012-13;33;INTELIGENCIA ARTIFICIAL AVANZADA;72.7;75.0
139263124;OBLIGATORIA;3;2015-16;33;INTELIGENCIA ARTIFICIAL AVANZADA;78.8;86.7
139263124;OBLIGATORIA;3;2022-23;31;INTELIGENCIA ARTIFICIAL AVANZADA;87.1;96.4
139263124;OBLIGATORIA;3;2024-25;45;INTELIGENCIA ARTIFICIAL AVANZADA;86.7;97.5
139263124;OBLIGATORIA;3;2011-12;6;INTELIGENCIA ARTIFICIAL AVANZADA;66.7;100.0
139263124;OBLIGATORIA;3;2017-18;22;INTELIGENCIA ARTIFICIAL AVANZADA;90.9;95.2
139263124;OBLIGATORIA;3;2016-17;41;INTELIGENCIA ARTIFICIAL AVANZADA;92.7;100.0
139263124;OBLIGATORIA;3;2013-14;50;INTELIGENCIA ARTIFICIAL AVANZADA;78.0;83.0
139263124;OBLIGATORIA;3;2020-21;46;INTELIGENCIA ARTIFICIAL AVANZADA;80.4;86.0
139263124;OBLIGATORIA;3;2021-22;30;INTELIGENCIA ARTIFICIAL AVANZADA;80.0;100.0
139263124;OBLIGATORIA;3;2019-20;36;INTELIGENCIA ARTIFICIAL AVANZADA;86.1;100.0
139263124;OBLIGATORIA;3;2014-15;21;INTELIGENCIA ARTIFICIAL AVANZADA;71.4;75.0
139263124;OBLIGATORIA;3;2018-19;25;INTELIGENCIA ARTIFICIAL AVANZADA;92.0;100.0
139263125;OBLIGATORIA;3;2012-13;40;TRATAMIENTO INTELIGENTE DE DATOS;92.5;100.0
139263125;OBLIGATORIA;3;2013-14;37;TRATAMIENTO INTELIGENTE DE DATOS;83.8;91.2
139263125;OBLIGATORIA;3;2014-15;21;TRATAMIENTO INTELIGENTE DE DATOS;90.5;100.0
139263125;OBLIGATORIA;3;2015-16;28;TRATAMIENTO INTELIGENTE DE DATOS;96.4;100.0
139263125;OBLIGATORIA;3;2016-17;44;TRATAMIENTO INTELIGENTE DE DATOS;90.9;97.6
139263125;OBLIGATORIA;3;2022-23;30;TRATAMIENTO INTELIGENTE DE DATOS;93.3;100.0
139263125;OBLIGATORIA;3;2024-25;38;TRATAMIENTO INTELIGENTE DE DATOS;97.4;100.0
139263125;OBLIGATORIA;3;2019-20;40;TRATAMIENTO INTELIGENTE DE DATOS;90.0;100.0
139263125;OBLIGATORIA;3;2021-22;31;TRATAMIENTO INTELIGENTE DE DATOS;83.9;100.0
139263125;OBLIGATORIA;3;2023-24;47;TRATAMIENTO INTELIGENTE DE DATOS;91.5;100.0
139263125;OBLIGATORIA;3;2017-18;21;TRATAMIENTO INTELIGENTE DE DATOS;95.2;100.0
139263125;OBLIGATORIA;3;2018-19;25;TRATAMIENTO INTELIGENTE DE DATOS;100.0;100.0
139263125;OBLIGATORIA;3;2020-21;35;TRATAMIENTO INTELIGENTE DE DATOS;91.4;100.0
139263125;OBLIGATORIA;3;2011-12;5;TRATAMIENTO INTELIGENTE DE DATOS;60.0;100.0
139263221;OBLIGATORIA;3;2020-21;17;DISEÑO DE PROCESADORES;47.1;100.0
139263221;OBLIGATORIA;3;2017-18;6;DISEÑO DE PROCESADORES;66.7;100.0
139263221;OBLIGATORIA;3;2024-25;23;DISEÑO DE PROCESADORES;69.6;100.0
139263221;OBLIGATORIA;3;2021-22;10;DISEÑO DE PROCESADORES;40.0;100.0
139263221;OBLIGATORIA;3;2016-17;22;DISEÑO DE PROCESADORES;90.9;100.0
139263221;OBLIGATORIA;3;2018-19;9;DISEÑO DE PROCESADORES;66.7;100.0
139263221;OBLIGATORIA;3;2022-23;14;DISEÑO DE PROCESADORES;57.1;100.0
139263221;OBLIGATORIA;3;2012-13;15;DISEÑO DE PROCESADORES;86.7;100.0
139263221;OBLIGATORIA;3;2015-16;10;DISEÑO DE PROCESADORES;80.0;100.0
139263221;OBLIGATORIA;3;2019-20;10;DISEÑO DE PROCESADORES;60.0;100.0
139263221;OBLIGATORIA;3;2013-14;16;DISEÑO DE PROCESADORES;87.5;100.0
139263221;OBLIGATORIA;3;2014-15;14;DISEÑO DE PROCESADORES;78.6;100.0
139263221;OBLIGATORIA;3;2023-24;13;DISEÑO DE PROCESADORES;15.4;100.0
139263222;OBLIGATORIA;3;2013-14;16;ARQUITECTURA DE COMPUTADORES;81.3;100.0
139263222;OBLIGATORIA;3;2012-13;14;ARQUITECTURA DE COMPUTADORES;78.6;100.0
139263222;OBLIGATORIA;3;2011-12;1;ARQUITECTURA DE COMPUTADORES;100.0;100.0
139263222;OBLIGATORIA;3;2018-19;8;ARQUITECTURA DE COMPUTADORES;62.5;100.0
139263222;OBLIGATORIA;3;2020-21;11;ARQUITECTURA DE COMPUTADORES;100.0;100.0
139263222;OBLIGATORIA;3;2017-18;11;ARQUITECTURA DE COMPUTADORES;90.9;100.0
139263222;OBLIGATORIA;3;2023-24;10;ARQUITECTURA DE COMPUTADORES;90.0;100.0
139263222;OBLIGATORIA;3;2021-22;3;ARQUITECTURA DE COMPUTADORES;100.0;100.0
139263222;OBLIGATORIA;3;2019-20;9;ARQUITECTURA DE COMPUTADORES;100.0;100.0
139263222;OBLIGATORIA;3;2024-25;12;ARQUITECTURA DE COMPUTADORES;91.7;100.0
139263222;OBLIGATORIA;3;2022-23;8;ARQUITECTURA DE COMPUTADORES;100.0;100.0
139263222;OBLIGATORIA;3;2016-17;17;ARQUITECTURA DE COMPUTADORES;100.0;100.0
139263222;OBLIGATORIA;3;2015-16;8;ARQUITECTURA DE COMPUTADORES;87.5;100.0
139263222;OBLIGATORIA;3;2014-15;15;ARQUITECTURA DE COMPUTADORES;80.0;100.0
139263223;OBLIGATORIA;3;2011-12;29;REDES DE COMPUTADORES;55.2;59.3
139263223;OBLIGATORIA;3;2012-13;67;REDES DE COMPUTADORES;71.6;78.7
139263223;OBLIGATORIA;3;2014-15;39;REDES DE COMPUTADORES;66.7;66.7
139263223;OBLIGATORIA;3;2013-14;68;REDES DE COMPUTADORES;85.3;89.2
139263223;OBLIGATORIA;3;2016-17;51;REDES DE COMPUTADORES;84.3;87.8
139263223;OBLIGATORIA;3;2015-16;37;REDES DE COMPUTADORES;70.3;78.8
139263224;OBLIGATORIA;3;2011-12;28;LABORATORIO DE REDES;96.4;100.0
139263224;OBLIGATORIA;3;2012-13;59;LABORATORIO DE REDES;98.3;100.0
139263224;OBLIGATORIA;3;2013-14;50;LABORATORIO DE REDES;90.0;95.7
139263224;OBLIGATORIA;3;2015-16;28;LABORATORIO DE REDES;96.4;100.0
139263224;OBLIGATORIA;3;2014-15;33;LABORATORIO DE REDES;100.0;100.0
139263224;OBLIGATORIA;3;2016-17;50;LABORATORIO DE REDES;96.0;98.0
139263225;OBLIGATORIA;3;2023-24;7;SISTEMAS OPERATIVOS AVANZADOS;28.6;100.0
139263225;OBLIGATORIA;3;2014-15;9;SISTEMAS OPERATIVOS AVANZADOS;77.8;100.0
139263225;OBLIGATORIA;3;2012-13;17;SISTEMAS OPERATIVOS AVANZADOS;70.6;100.0
139263225;OBLIGATORIA;3;2021-22;4;SISTEMAS OPERATIVOS AVANZADOS;50.0;100.0
139263225;OBLIGATORIA;3;2015-16;7;SISTEMAS OPERATIVOS AVANZADOS;85.7;100.0
139263225;OBLIGATORIA;3;2020-21;10;SISTEMAS OPERATIVOS AVANZADOS;90.0;100.0
139263225;OBLIGATORIA;3;2019-20;13;SISTEMAS OPERATIVOS AVANZADOS;92.3;100.0
139263225;OBLIGATORIA;3;2017-18;11;SISTEMAS OPERATIVOS AVANZADOS;45.5;100.0
139263225;OBLIGATORIA;3;2016-17;24;SISTEMAS OPERATIVOS AVANZADOS;83.3;100.0
139263225;OBLIGATORIA;3;2018-19;11;SISTEMAS OPERATIVOS AVANZADOS;54.5;100.0
139263225;OBLIGATORIA;3;2024-25;21;SISTEMAS OPERATIVOS AVANZADOS;90.5;100.0
139263225;OBLIGATORIA;3;2013-14;18;SISTEMAS OPERATIVOS AVANZADOS;94.4;100.0
139263225;OBLIGATORIA;3;2022-23;10;SISTEMAS OPERATIVOS AVANZADOS;70.0;100.0
139263321;OBLIGATORIA;3;2015-16;10;MODELADO DE SISTEMAS SOFTWARE;80.0;88.9
139263321;OBLIGATORIA;3;2021-22;19;MODELADO DE SISTEMAS SOFTWARE;52.6;83.3
139263321;OBLIGATORIA;3;2014-15;11;MODELADO DE SISTEMAS SOFTWARE;90.9;100.0
139263321;OBLIGATORIA;3;2012-13;16;MODELADO DE SISTEMAS SOFTWARE;81.3;86.7
139263321;OBLIGATORIA;3;2023-24;17;MODELADO DE SISTEMAS SOFTWARE;76.5;92.9
139263321;OBLIGATORIA;3;2011-12;10;MODELADO DE SISTEMAS SOFTWARE;80.0;100.0
139263321;OBLIGATORIA;3;2017-18;8;MODELADO DE SISTEMAS SOFTWARE;50.0;100.0
139263321;OBLIGATORIA;3;2018-19;11;MODELADO DE SISTEMAS SOFTWARE;54.5;100.0
139263321;OBLIGATORIA;3;2016-17;4;MODELADO DE SISTEMAS SOFTWARE;50.0;100.0
139263321;OBLIGATORIA;3;2019-20;13;MODELADO DE SISTEMAS SOFTWARE;92.3;92.3
139263321;OBLIGATORIA;3;2020-21;15;MODELADO DE SISTEMAS SOFTWARE;53.3;100.0
139263321;OBLIGATORIA;3;2022-23;22;MODELADO DE SISTEMAS SOFTWARE;95.5;100.0
139263321;OBLIGATORIA;3;2013-14;19;MODELADO DE SISTEMAS SOFTWARE;78.9;78.9
139263321;OBLIGATORIA;3;2024-25;12;MODELADO DE SISTEMAS SOFTWARE;50.0;75.0
139263322;OBLIGATORIA;3;2022-23;7;ANÁLISIS DE SISTEMAS DE SOFTWARE;57.1;57.1
139263322;OBLIGATORIA;3;2016-17;5;ANÁLISIS DE SISTEMAS DE SOFTWARE;100.0;100.0
139263322;OBLIGATORIA;3;2014-15;8;ANÁLISIS DE SISTEMAS DE SOFTWARE;62.5;100.0
139263322;OBLIGATORIA;3;2015-16;7;ANÁLISIS DE SISTEMAS DE SOFTWARE;100.0;100.0
139263322;OBLIGATORIA;3;2013-14;14;ANÁLISIS DE SISTEMAS DE SOFTWARE;78.6;100.0
139263322;OBLIGATORIA;3;2012-13;16;ANÁLISIS DE SISTEMAS DE SOFTWARE;87.5;93.3
139263322;OBLIGATORIA;3;2011-12;7;ANÁLISIS DE SISTEMAS DE SOFTWARE;85.7;100.0
139263322;OBLIGATORIA;3;2020-21;17;ANÁLISIS DE SISTEMAS DE SOFTWARE;94.1;100.0
139263322;OBLIGATORIA;3;2018-19;7;ANÁLISIS DE SISTEMAS DE SOFTWARE;85.7;100.0
139263322;OBLIGATORIA;3;2017-18;3;ANÁLISIS DE SISTEMAS DE SOFTWARE;100.0;100.0
139263322;OBLIGATORIA;3;2023-24;24;ANÁLISIS DE SISTEMAS DE SOFTWARE;95.8;100.0
139263322;OBLIGATORIA;3;2021-22;21;ANÁLISIS DE SISTEMAS DE SOFTWARE;100.0;100.0
139263322;OBLIGATORIA;3;2019-20;10;ANÁLISIS DE SISTEMAS DE SOFTWARE;90.0;90.0
139263322;OBLIGATORIA;3;2024-25;8;ANÁLISIS DE SISTEMAS DE SOFTWARE;100.0;100.0
139263323;OBLIGATORIA;3;2023-24;16;MODELADO DE DATOS;93.8;100.0
139263323;OBLIGATORIA;3;2019-20;9;MODELADO DE DATOS;100.0;100.0
139263323;OBLIGATORIA;3;2012-13;11;MODELADO DE DATOS;45.5;71.4
139263323;OBLIGATORIA;3;2022-23;13;MODELADO DE DATOS;84.6;91.7
139263323;OBLIGATORIA;3;2021-22;17;MODELADO DE DATOS;94.1;100.0
139263323;OBLIGATORIA;3;2013-14;21;MODELADO DE DATOS;90.5;100.0
139263323;OBLIGATORIA;3;2016-17;5;MODELADO DE DATOS;100.0;100.0
139263323;OBLIGATORIA;3;2024-25;6;MODELADO DE DATOS;100.0;100.0
139263323;OBLIGATORIA;3;2018-19;7;MODELADO DE DATOS;100.0;100.0
139263323;OBLIGATORIA;3;2015-16;10;MODELADO DE DATOS;80.0;100.0
139263323;OBLIGATORIA;3;2011-12;8;MODELADO DE DATOS;75.0;100.0
139263323;OBLIGATORIA;3;2017-18;2;MODELADO DE DATOS;100.0;100.0
139263323;OBLIGATORIA;3;2014-15;8;MODELADO DE DATOS;87.5;100.0
139263323;OBLIGATORIA;3;2020-21;16;MODELADO DE DATOS;93.8;100.0
139263324;OBLIGATORIA;3;2011-12;10;GESTIÓN DE RIESGOS;90.0;100.0
139263324;OBLIGATORIA;3;2012-13;27;GESTIÓN DE RIESGOS;100.0;100.0
139263324;OBLIGATORIA;3;2013-14;22;GESTIÓN DE RIESGOS;95.5;100.0
139263324;OBLIGATORIA;3;2015-16;7;GESTIÓN DE RIESGOS;85.7;100.0
139263324;OBLIGATORIA;3;2014-15;22;GESTIÓN DE RIESGOS;100.0;100.0
139263324;OBLIGATORIA;3;2016-17;5;GESTIÓN DE RIESGOS;100.0;100.0
139263325;OBLIGATORIA;3;2021-22;22;GESTIÓN DE LA CALIDAD;95.5;100.0
139263325;OBLIGATORIA;3;2023-24;15;GESTIÓN DE LA CALIDAD;93.3;100.0
139263325;OBLIGATORIA;3;2017-18;6;GESTIÓN DE LA CALIDAD;83.3;100.0
139263325;OBLIGATORIA;3;2018-19;5;GESTIÓN DE LA CALIDAD;100.0;100.0
139263325;OBLIGATORIA;3;2019-20;9;GESTIÓN DE LA CALIDAD;100.0;100.0
139263325;OBLIGATORIA;3;2024-25;5;GESTIÓN DE LA CALIDAD;100.0;100.0
139263325;OBLIGATORIA;3;2022-23;14;GESTIÓN DE LA CALIDAD;100.0;100.0
139263325;OBLIGATORIA;3;2016-17;5;GESTIÓN DE LA CALIDAD;100.0;100.0
139263325;OBLIGATORIA;3;2014-15;17;GESTIÓN DE LA CALIDAD;100.0;100.0
139263325;OBLIGATORIA;3;2015-16;5;GESTIÓN DE LA CALIDAD;60.0;100.0
139263325;OBLIGATORIA;3;2013-14;20;GESTIÓN DE LA CALIDAD;80.0;100.0
139263325;OBLIGATORIA;3;2020-21;13;GESTIÓN DE LA CALIDAD;100.0;100.0
139263325;OBLIGATORIA;3;2012-13;20;GESTIÓN DE LA CALIDAD;95.0;100.0
139263325;OBLIGATORIA;3;2011-12;8;GESTIÓN DE LA CALIDAD;75.0;100.0
139263423;OBLIGATORIA;3;2015-16;4;SISTEMAS DE INFORMACIÓN PARA LAS ORGANIZACIONES;100.0;100.0
139263423;OBLIGATORIA;3;2014-15;1;SISTEMAS DE INFORMACIÓN PARA LAS ORGANIZACIONES;100.0;100.0
139263423;OBLIGATORIA;3;2016-17;1;SISTEMAS DE INFORMACIÓN PARA LAS ORGANIZACIONES;100.0;100.0
139263423;OBLIGATORIA;3;2022-23;5;SISTEMAS DE INFORMACIÓN PARA LAS ORGANIZACIONES;80.0;100.0
139263423;OBLIGATORIA;3;2017-18;3;SISTEMAS DE INFORMACIÓN PARA LAS ORGANIZACIONES;100.0;100.0
139263423;OBLIGATORIA;3;2023-24;2;SISTEMAS DE INFORMACIÓN PARA LAS ORGANIZACIONES;50.0;100.0
139263423;OBLIGATORIA;3;2018-19;3;SISTEMAS DE INFORMACIÓN PARA LAS ORGANIZACIONES;100.0;100.0
139263423;OBLIGATORIA;3;2021-22;5;SISTEMAS DE INFORMACIÓN PARA LAS ORGANIZACIONES;60.0;100.0
139263423;OBLIGATORIA;3;2011-12;3;SISTEMAS DE INFORMACIÓN PARA LAS ORGANIZACIONES;100.0;100.0
139263423;OBLIGATORIA;3;2019-20;1;SISTEMAS DE INFORMACIÓN PARA LAS ORGANIZACIONES;0.0;
139263423;OBLIGATORIA;3;2020-21;9;SISTEMAS DE INFORMACIÓN PARA LAS ORGANIZACIONES;88.9;88.9
139263423;OBLIGATORIA;3;2012-13;7;SISTEMAS DE INFORMACIÓN PARA LAS ORGANIZACIONES;100.0;100.0
139263423;OBLIGATORIA;3;2013-14;7;SISTEMAS DE INFORMACIÓN PARA LAS ORGANIZACIONES;85.7;100.0
139263425;OBLIGATORIA;3;2012-13;4;CONTROL DE CALIDAD;75.0;100.0
139263425;OBLIGATORIA;3;2020-21;7;CONTROL DE CALIDAD;100.0;100.0
139263425;OBLIGATORIA;3;2018-19;2;CONTROL DE CALIDAD;100.0;100.0
139263425;OBLIGATORIA;3;2017-18;2;CONTROL DE CALIDAD;50.0;50.0
139263425;OBLIGATORIA;3;2023-24;1;CONTROL DE CALIDAD;0.0;0.0
139263425;OBLIGATORIA;3;2021-22;6;CONTROL DE CALIDAD;100.0;100.0
139263425;OBLIGATORIA;3;2014-15;1;CONTROL DE CALIDAD;100.0;100.0
139263425;OBLIGATORIA;3;2019-20;1;CONTROL DE CALIDAD;100.0;100.0
139263425;OBLIGATORIA;3;2011-12;3;CONTROL DE CALIDAD;100.0;100.0
139263425;OBLIGATORIA;3;2013-14;8;CONTROL DE CALIDAD;100.0;100.0
139263425;OBLIGATORIA;3;2022-23;4;CONTROL DE CALIDAD;100.0;100.0
139263425;OBLIGATORIA;3;2015-16;3;CONTROL DE CALIDAD;100.0;100.0
139263425;OBLIGATORIA;3;2016-17;2;CONTROL DE CALIDAD;100.0;100.0
139263523;OBLIGATORIA;3;2019-20;55;SEGURIDAD EN SISTEMAS INFORMÁTICOS;67.3;77.1
139263523;OBLIGATORIA;3;2015-16;30;SEGURIDAD EN SISTEMAS INFORMÁTICOS;86.7;100.0
139263523;OBLIGATORIA;3;2023-24;57;SEGURIDAD EN SISTEMAS INFORMÁTICOS;82.5;92.2
139263523;OBLIGATORIA;3;2018-19;44;SEGURIDAD EN SISTEMAS INFORMÁTICOS;84.1;94.9
139263523;OBLIGATORIA;3;2013-14;27;SEGURIDAD EN SISTEMAS INFORMÁTICOS;77.8;95.5
139263523;OBLIGATORIA;3;2025(*);1;SEGURIDAD EN SISTEMAS INFORMÁTICOS;100.0;100.0
139263523;OBLIGATORIA;3;2012-13;49;SEGURIDAD EN SISTEMAS INFORMÁTICOS;75.5;92.5
139263523;OBLIGATORIA;3;2021-22;57;SEGURIDAD EN SISTEMAS INFORMÁTICOS;71.9;95.3
139263523;OBLIGATORIA;3;2020-21;75;SEGURIDAD EN SISTEMAS INFORMÁTICOS;69.3;88.1
139263523;OBLIGATORIA;3;2017-18;44;SEGURIDAD EN SISTEMAS INFORMÁTICOS;75.0;94.3
139263523;OBLIGATORIA;3;2016-17;37;SEGURIDAD EN SISTEMAS INFORMÁTICOS;86.5;97.0
139263523;OBLIGATORIA;3;2014-15;17;SEGURIDAD EN SISTEMAS INFORMÁTICOS;82.4;87.5
139263523;OBLIGATORIA;3;2022-23;47;SEGURIDAD EN SISTEMAS INFORMÁTICOS;78.7;92.5
139263523;OBLIGATORIA;3;2024-25;62;SEGURIDAD EN SISTEMAS INFORMÁTICOS;85.5;89.8
139263523;OBLIGATORIA;3;2011-12;23;SEGURIDAD EN SISTEMAS INFORMÁTICOS;95.7;95.7
139263524;OBLIGATORIA;3;2015-16;23;DESARROLLO DE SISTEMAS INFORMÁTICOS;82.6;100.0
139263524;OBLIGATORIA;3;2014-15;16;DESARROLLO DE SISTEMAS INFORMÁTICOS;87.5;100.0
139263524;OBLIGATORIA;3;2013-14;31;DESARROLLO DE SISTEMAS INFORMÁTICOS;90.3;96.6
139263524;OBLIGATORIA;3;2011-12;20;DESARROLLO DE SISTEMAS INFORMÁTICOS;100.0;100.0
139263524;OBLIGATORIA;3;2012-13;45;DESARROLLO DE SISTEMAS INFORMÁTICOS;84.4;92.7
139263524;OBLIGATORIA;3;2020-21;75;DESARROLLO DE SISTEMAS INFORMÁTICOS;54.7;82.0
139263524;OBLIGATORIA;3;2018-19;44;DESARROLLO DE SISTEMAS INFORMÁTICOS;31.8;100.0
139263524;OBLIGATORIA;3;2017-18;42;DESARROLLO DE SISTEMAS INFORMÁTICOS;95.2;97.6
139263524;OBLIGATORIA;3;2023-24;51;DESARROLLO DE SISTEMAS INFORMÁTICOS;88.2;93.8
139263524;OBLIGATORIA;3;2019-20;54;DESARROLLO DE SISTEMAS INFORMÁTICOS;79.6;100.0
139263524;OBLIGATORIA;3;2021-22;72;DESARROLLO DE SISTEMAS INFORMÁTICOS;79.2;98.3
139263524;OBLIGATORIA;3;2024-25;55;DESARROLLO DE SISTEMAS INFORMÁTICOS;90.9;100.0
139263524;OBLIGATORIA;3;2022-23;41;DESARROLLO DE SISTEMAS INFORMÁTICOS;90.2;100.0
139263524;OBLIGATORIA;3;2016-17;38;DESARROLLO DE SISTEMAS INFORMÁTICOS;84.2;100.0
139263525;OBLIGATORIA;3;2019-20;47;USABILIDAD Y ACCESIBILIDAD;93.6;100.0
139263525;OBLIGATORIA;3;2012-13;49;USABILIDAD Y ACCESIBILIDAD;93.9;100.0
139263525;OBLIGATORIA;3;2015-16;37;USABILIDAD Y ACCESIBILIDAD;97.3;100.0
139263525;OBLIGATORIA;3;2022-23;42;USABILIDAD Y ACCESIBILIDAD;97.6;100.0
139263525;OBLIGATORIA;3;2023-24;47;USABILIDAD Y ACCESIBILIDAD;97.9;100.0
139263525;OBLIGATORIA;3;2014-15;13;USABILIDAD Y ACCESIBILIDAD;100.0;100.0
139263525;OBLIGATORIA;3;2020-21;52;USABILIDAD Y ACCESIBILIDAD;94.2;98.0
139263525;OBLIGATORIA;3;2016-17;26;USABILIDAD Y ACCESIBILIDAD;92.3;100.0
139263525;OBLIGATORIA;3;2011-12;18;USABILIDAD Y ACCESIBILIDAD;100.0;100.0
139263525;OBLIGATORIA;3;2018-19;42;USABILIDAD Y ACCESIBILIDAD;100.0;100.0
139263525;OBLIGATORIA;3;2021-22;50;USABILIDAD Y ACCESIBILIDAD;96.0;100.0
139263525;OBLIGATORIA;3;2013-14;25;USABILIDAD Y ACCESIBILIDAD;96.0;100.0
139263525;OBLIGATORIA;3;2017-18;36;USABILIDAD Y ACCESIBILIDAD;97.2;100.0
139263525;OBLIGATORIA;3;2024-25;52;USABILIDAD Y ACCESIBILIDAD;94.2;100.0
139260901;OPTATIVA;4;2025(*);36;ADMINISTRACIÓN Y DISEÑO DE BASE DE DATOS;94.4;100.0
139260901;OPTATIVA;4;2020-21;42;ADMINISTRACIÓN Y DISEÑO DE BASE DE DATOS;92.9;100.0
139260901;OPTATIVA;4;2012-13;7;ADMINISTRACIÓN Y DISEÑO DE BASE DE DATOS;85.7;100.0
139260901;OPTATIVA;4;2019-20;27;ADMINISTRACIÓN Y DISEÑO DE BASE DE DATOS;92.6;100.0
139260901;OPTATIVA;4;2017-18;27;ADMINISTRACIÓN Y DISEÑO DE BASE DE DATOS;92.6;100.0
139260901;OPTATIVA;4;2023-24;57;ADMINISTRACIÓN Y DISEÑO DE BASE DE DATOS;80.7;93.9
139260901;OPTATIVA;4;2022-23;42;ADMINISTRACIÓN Y DISEÑO DE BASE DE DATOS;83.3;92.1
139260901;OPTATIVA;4;2014-15;26;ADMINISTRACIÓN Y DISEÑO DE BASE DE DATOS;96.2;100.0
139260901;OPTATIVA;4;2015-16;36;ADMINISTRACIÓN Y DISEÑO DE BASE DE DATOS;97.2;100.0
139260901;OPTATIVA;4;2018-19;19;ADMINISTRACIÓN Y DISEÑO DE BASE DE DATOS;100.0;100.0
139260901;OPTATIVA;4;2013-14;22;ADMINISTRACIÓN Y DISEÑO DE BASE DE DATOS;100.0;100.0
139260901;OPTATIVA;4;2024-25;58;ADMINISTRACIÓN Y DISEÑO DE BASE DE DATOS;91.4;96.4
139260901;OPTATIVA;4;2016-17;33;ADMINISTRACIÓN Y DISEÑO DE BASE DE DATOS;100.0;100.0
139260901;OPTATIVA;4;2021-22;55;ADMINISTRACIÓN Y DISEÑO DE BASE DE DATOS;90.9;100.0
139260902;OPTATIVA;4;2015-16;6;VISIÓN POR COMPUTADOR;83.3;100.0
139260902;OPTATIVA;4;2014-15;39;VISIÓN POR COMPUTADOR;92.3;100.0
139260902;OPTATIVA;4;2016-17;11;VISIÓN POR COMPUTADOR;90.9;100.0
139260902;OPTATIVA;4;2022-23;56;VISIÓN POR COMPUTADOR;78.6;95.7
139260902;OPTATIVA;4;2017-18;20;VISIÓN POR COMPUTADOR;75.0;100.0
139260902;OPTATIVA;4;2012-13;10;VISIÓN POR COMPUTADOR;90.0;100.0
139260902;OPTATIVA;4;2021-22;52;VISIÓN POR COMPUTADOR;84.6;100.0
139260902;OPTATIVA;4;2020-21;30;VISIÓN POR COMPUTADOR;76.7;100.0
139260902;OPTATIVA;4;2019-20;17;VISIÓN POR COMPUTADOR;58.8;100.0
139260902;OPTATIVA;4;2013-14;31;VISIÓN POR COMPUTADOR;93.5;100.0
139260902;OPTATIVA;4;2025(*);49;VISIÓN POR COMPUTADOR;89.8;97.8
139260902;OPTATIVA;4;2023-24;54;VISIÓN POR COMPUTADOR;72.2;92.9
139260902;OPTATIVA;4;2024-25;46;VISIÓN POR COMPUTADOR;84.8;95.1
139260902;OPTATIVA;4;2018-19;25;VISIÓN POR COMPUTADOR;80.0;100.0
139260903;OPTATIVA;4;2015-16;19;INGENIERÍA LOGÍSTICA;89.5;100.0
139260903;OPTATIVA;4;2014-15;8;INGENIERÍA LOGÍSTICA;75.0;100.0
139260903;OPTATIVA;4;2013-14;10;INGENIERÍA LOGÍSTICA;60.0;100.0
139260903;OPTATIVA;4;2012-13;6;INGENIERÍA LOGÍSTICA;100.0;100.0
139260903;OPTATIVA;4;2020-21;38;INGENIERÍA LOGÍSTICA;86.8;100.0
139260903;OPTATIVA;4;2018-19;23;INGENIERÍA LOGÍSTICA;73.9;100.0
139260903;OPTATIVA;4;2023-24;30;INGENIERÍA LOGÍSTICA;90.0;100.0
139260903;OPTATIVA;4;2017-18;28;INGENIERÍA LOGÍSTICA;89.3;100.0
139260903;OPTATIVA;4;2021-22;21;INGENIERÍA LOGÍSTICA;76.2;100.0
139260903;OPTATIVA;4;2019-20;54;INGENIERÍA LOGÍSTICA;88.9;98.0
139260903;OPTATIVA;4;2025(*);37;INGENIERÍA LOGÍSTICA;86.5;100.0
139260903;OPTATIVA;4;2024-25;26;INGENIERÍA LOGÍSTICA;92.3;100.0
139260903;OPTATIVA;4;2022-23;13;INGENIERÍA LOGÍSTICA;76.9;100.0
139260903;OPTATIVA;4;2016-17;23;INGENIERÍA LOGÍSTICA;95.7;100.0
139260904;OPTATIVA;4;2021-22;75;ROBÓTICA COMPUTACIONAL;90.7;100.0
139260904;OPTATIVA;4;2012-13;15;ROBÓTICA COMPUTACIONAL;100.0;100.0
139260904;OPTATIVA;4;2015-16;40;ROBÓTICA COMPUTACIONAL;100.0;100.0
139260904;OPTATIVA;4;2022-23;64;ROBÓTICA COMPUTACIONAL;85.9;100.0
139260904;OPTATIVA;4;2024-25;63;ROBÓTICA COMPUTACIONAL;92.1;100.0
139260904;OPTATIVA;4;2020-21;69;ROBÓTICA COMPUTACIONAL;89.9;100.0
139260904;OPTATIVA;4;2017-18;57;ROBÓTICA COMPUTACIONAL;91.2;98.1
139260904;OPTATIVA;4;2016-17;56;ROBÓTICA COMPUTACIONAL;96.4;100.0
139260904;OPTATIVA;4;2013-14;49;ROBÓTICA COMPUTACIONAL;93.9;100.0
139260904;OPTATIVA;4;2018-19;31;ROBÓTICA COMPUTACIONAL;90.3;93.3
139260904;OPTATIVA;4;2019-20;40;ROBÓTICA COMPUTACIONAL;77.5;100.0
139260904;OPTATIVA;4;2025(*);76;ROBÓTICA COMPUTACIONAL;88.2;100.0
139260904;OPTATIVA;4;2014-15;75;ROBÓTICA COMPUTACIONAL;94.7;100.0
139260904;OPTATIVA;4;2023-24;60;ROBÓTICA COMPUTACIONAL;88.3;100.0
139264021;OBLIGATORIA;4;2014-15;80;INTELIGENCIA EMOCIONAL;98.8;100.0
139264021;OBLIGATORIA;4;2015-16;57;INTELIGENCIA EMOCIONAL;93.0;100.0
139264021;OBLIGATORIA;4;2012-13;41;INTELIGENCIA EMOCIONAL;95.1;95.1
139264021;OBLIGATORIA;4;2019-20;68;INTELIGENCIA EMOCIONAL;98.5;100.0
139264021;OBLIGATORIA;4;2020-21;107;INTELIGENCIA EMOCIONAL;99.1;100.0
139264021;OBLIGATORIA;4;2023-24;92;INTELIGENCIA EMOCIONAL;94.6;98.9
139264021;OBLIGATORIA;4;2021-22;106;INTELIGENCIA EMOCIONAL;97.2;100.0
139264021;OBLIGATORIA;4;2013-14;81;INTELIGENCIA EMOCIONAL;96.3;100.0
139264021;OBLIGATORIA;4;2017-18;86;INTELIGENCIA EMOCIONAL;98.8;100.0
139264021;OBLIGATORIA;4;2016-17;71;INTELIGENCIA EMOCIONAL;100.0;100.0
139264021;OBLIGATORIA;4;2024-25;115;INTELIGENCIA EMOCIONAL;99.1;99.1
139264021;OBLIGATORIA;4;2018-19;71;INTELIGENCIA EMOCIONAL;98.6;100.0
139264021;OBLIGATORIA;4;2022-23;85;INTELIGENCIA EMOCIONAL;97.6;100.0
139264022;PRÁCTICAS EXTERNAS;4;2022-23;79;PRÁCTICAS EXTERNAS;96.2;100.0
139264022;PRÁCTICAS EXTERNAS;4;2016-17;54;PRÁCTICAS EXTERNAS;83.3;100.0
139264022;PRÁCTICAS EXTERNAS;4;2015-16;49;PRÁCTICAS EXTERNAS;81.6;100.0
139264022;PRÁCTICAS EXTERNAS;4;2014-15;72;PRÁCTICAS EXTERNAS;87.5;98.4
139264022;PRÁCTICAS EXTERNAS;4;2013-14;44;PRÁCTICAS EXTERNAS;90.9;100.0
139264022;PRÁCTICAS EXTERNAS;4;2012-13;13;PRÁCTICAS EXTERNAS;100.0;100.0
139264022;PRÁCTICAS EXTERNAS;4;2020-21;88;PRÁCTICAS EXTERNAS;73.9;100.0
139264022;PRÁCTICAS EXTERNAS;4;2018-19;75;PRÁCTICAS EXTERNAS;82.7;100.0
139264022;PRÁCTICAS EXTERNAS;4;2017-18;76;PRÁCTICAS EXTERNAS;67.1;98.1
139264022;PRÁCTICAS EXTERNAS;4;2023-24;75;PRÁCTICAS EXTERNAS;100.0;100.0
139264022;PRÁCTICAS EXTERNAS;4;2019-20;62;PRÁCTICAS EXTERNAS;87.1;100.0
139264022;PRÁCTICAS EXTERNAS;4;2021-22;88;PRÁCTICAS EXTERNAS;94.3;100.0
139264022;PRÁCTICAS EXTERNAS;4;2024-25;94;PRÁCTICAS EXTERNAS;100.0;100.0
139264111;OBLIGATORIA;4;2023-24;33;INTERFACES INTELIGENTES;90.9;100.0
139264111;OBLIGATORIA;4;2019-20;22;INTERFACES INTELIGENTES;95.5;100.0
139264111;OBLIGATORIA;4;2015-16;23;INTERFACES INTELIGENTES;100.0;100.0
139264111;OBLIGATORIA;4;2012-13;10;INTERFACES INTELIGENTES;80.0;100.0
139264111;OBLIGATORIA;4;2021-22;34;INTERFACES INTELIGENTES;94.1;100.0
139264111;OBLIGATORIA;4;2014-15;36;INTERFACES INTELIGENTES;88.9;100.0
139264111;OBLIGATORIA;4;2020-21;35;INTERFACES INTELIGENTES;100.0;100.0
139264111;OBLIGATORIA;4;2017-18;37;INTERFACES INTELIGENTES;83.8;100.0
139264111;OBLIGATORIA;4;2016-17;26;INTERFACES INTELIGENTES;96.2;100.0
139264111;OBLIGATORIA;4;2024-25;33;INTERFACES INTELIGENTES;93.9;100.0
139264111;OBLIGATORIA;4;2018-19;25;INTERFACES INTELIGENTES;100.0;100.0
139264111;OBLIGATORIA;4;2022-23;27;INTERFACES INTELIGENTES;100.0;100.0
139264111;OBLIGATORIA;4;2025(*);41;INTERFACES INTELIGENTES;85.4;100.0
139264111;OBLIGATORIA;4;2013-14;26;INTERFACES INTELIGENTES;92.3;100.0
139264112;OBLIGATORIA;4;2022-23;28;SISTEMAS INTELIGENTES;96.4;100.0
139264112;OBLIGATORIA;4;2016-17;27;SISTEMAS INTELIGENTES;92.6;100.0
139264112;OBLIGATORIA;4;2015-16;25;SISTEMAS INTELIGENTES;96.0;100.0
139264112;OBLIGATORIA;4;2014-15;30;SISTEMAS INTELIGENTES;96.7;100.0
139264112;OBLIGATORIA;4;2013-14;26;SISTEMAS INTELIGENTES;100.0;100.0
139264112;OBLIGATORIA;4;2012-13;9;SISTEMAS INTELIGENTES;88.9;100.0
139264112;OBLIGATORIA;4;2020-21;36;SISTEMAS INTELIGENTES;97.2;100.0
139264112;OBLIGATORIA;4;2018-19;17;SISTEMAS INTELIGENTES;100.0;100.0
139264112;OBLIGATORIA;4;2017-18;38;SISTEMAS INTELIGENTES;97.4;100.0
139264112;OBLIGATORIA;4;2023-24;33;SISTEMAS INTELIGENTES;90.9;100.0
139264112;OBLIGATORIA;4;2021-22;34;SISTEMAS INTELIGENTES;88.2;100.0
139264112;OBLIGATORIA;4;2019-20;24;SISTEMAS INTELIGENTES;95.8;100.0
139264112;OBLIGATORIA;4;2024-25;39;SISTEMAS INTELIGENTES;94.9;97.4
139264112;OBLIGATORIA;4;2025(*);40;SISTEMAS INTELIGENTES;97.5;100.0
139264113;OBLIGATORIA;4;2016-17;28;COMPLEJIDAD COMPUTACIONAL;89.3;100.0
139264113;OBLIGATORIA;4;2024-25;35;COMPLEJIDAD COMPUTACIONAL;91.4;100.0
139264113;OBLIGATORIA;4;2012-13;11;COMPLEJIDAD COMPUTACIONAL;90.9;100.0
139264113;OBLIGATORIA;4;2022-23;26;COMPLEJIDAD COMPUTACIONAL;96.2;100.0
139264113;OBLIGATORIA;4;2015-16;24;COMPLEJIDAD COMPUTACIONAL;95.8;95.8
139264113;OBLIGATORIA;4;2019-20;22;COMPLEJIDAD COMPUTACIONAL;95.5;100.0
139264113;OBLIGATORIA;4;2013-14;23;COMPLEJIDAD COMPUTACIONAL;95.7;100.0
139264113;OBLIGATORIA;4;2025(*);38;COMPLEJIDAD COMPUTACIONAL;94.7;100.0
139264113;OBLIGATORIA;4;2017-18;37;COMPLEJIDAD COMPUTACIONAL;89.2;97.1
139264113;OBLIGATORIA;4;2014-15;33;COMPLEJIDAD COMPUTACIONAL;90.9;100.0
139264113;OBLIGATORIA;4;2020-21;40;COMPLEJIDAD COMPUTACIONAL;95.0;100.0
139264113;OBLIGATORIA;4;2023-24;31;COMPLEJIDAD COMPUTACIONAL;87.1;100.0
139264113;OBLIGATORIA;4;2018-19;22;COMPLEJIDAD COMPUTACIONAL;95.5;95.5
139264113;OBLIGATORIA;4;2021-22;34;COMPLEJIDAD COMPUTACIONAL;88.2;100.0
139264211;OBLIGATORIA;4;2023-24;12;SISTEMAS EMPOTRADOS;66.7;100.0
139264211;OBLIGATORIA;4;2015-16;9;SISTEMAS EMPOTRADOS;100.0;100.0
139264211;OBLIGATORIA;4;2013-14;15;SISTEMAS EMPOTRADOS;100.0;100.0
139264211;OBLIGATORIA;4;2021-22;16;SISTEMAS EMPOTRADOS;68.8;100.0
139264211;OBLIGATORIA;4;2016-17;6;SISTEMAS EMPOTRADOS;100.0;100.0
139264211;OBLIGATORIA;4;2020-21;9;SISTEMAS EMPOTRADOS;88.9;100.0
139264211;OBLIGATORIA;4;2019-20;6;SISTEMAS EMPOTRADOS;100.0;100.0
139264211;OBLIGATORIA;4;2014-15;12;SISTEMAS EMPOTRADOS;100.0;100.0
139264211;OBLIGATORIA;4;2017-18;15;SISTEMAS EMPOTRADOS;100.0;100.0
139264211;OBLIGATORIA;4;2022-23;4;SISTEMAS EMPOTRADOS;75.0;100.0
139264211;OBLIGATORIA;4;2024-25;7;SISTEMAS EMPOTRADOS;42.9;75.0
139264211;OBLIGATORIA;4;2018-19;9;SISTEMAS EMPOTRADOS;100.0;100.0
139264211;OBLIGATORIA;4;2025(*);15;SISTEMAS EMPOTRADOS;80.0;100.0
139264212;OBLIGATORIA;4;2025(*);12;ARQUITECTURAS AVANZADAS Y DE PROPÓSITO ESPECÍFICO;16.7;100.0
139264212;OBLIGATORIA;4;2022-23;5;ARQUITECTURAS AVANZADAS Y DE PROPÓSITO ESPECÍFICO;60.0;100.0
139264212;OBLIGATORIA;4;2015-16;10;ARQUITECTURAS AVANZADAS Y DE PROPÓSITO ESPECÍFICO;100.0;100.0
139264212;OBLIGATORIA;4;2016-17;5;ARQUITECTURAS AVANZADAS Y DE PROPÓSITO ESPECÍFICO;100.0;100.0
139264212;OBLIGATORIA;4;2014-15;17;ARQUITECTURAS AVANZADAS Y DE PROPÓSITO ESPECÍFICO;100.0;100.0
139264212;OBLIGATORIA;4;2013-14;11;ARQUITECTURAS AVANZADAS Y DE PROPÓSITO ESPECÍFICO;90.9;100.0
139264212;OBLIGATORIA;4;2020-21;12;ARQUITECTURAS AVANZADAS Y DE PROPÓSITO ESPECÍFICO;91.7;100.0
139264212;OBLIGATORIA;4;2018-19;8;ARQUITECTURAS AVANZADAS Y DE PROPÓSITO ESPECÍFICO;87.5;100.0
139264212;OBLIGATORIA;4;2017-18;16;ARQUITECTURAS AVANZADAS Y DE PROPÓSITO ESPECÍFICO;100.0;100.0
139264212;OBLIGATORIA;4;2023-24;9;ARQUITECTURAS AVANZADAS Y DE PROPÓSITO ESPECÍFICO;88.9;100.0
139264212;OBLIGATORIA;4;2021-22;12;ARQUITECTURAS AVANZADAS Y DE PROPÓSITO ESPECÍFICO;83.3;90.9
139264212;OBLIGATORIA;4;2019-20;4;ARQUITECTURAS AVANZADAS Y DE PROPÓSITO ESPECÍFICO;100.0;100.0
139264212;OBLIGATORIA;4;2024-25;7;ARQUITECTURAS AVANZADAS Y DE PROPÓSITO ESPECÍFICO;71.4;100.0
139264213;OBLIGATORIA;4;2021-22;17;SEGURIDAD DE SISTEMAS INFORMÁTICOS;64.7;84.6
139264213;OBLIGATORIA;4;2013-14;13;SEGURIDAD DE SISTEMAS INFORMÁTICOS;92.3;100.0
139264213;OBLIGATORIA;4;2025(*);15;SEGURIDAD DE SISTEMAS INFORMÁTICOS;93.3;93.3
139264213;OBLIGATORIA;4;2019-20;7;SEGURIDAD DE SISTEMAS INFORMÁTICOS;71.4;100.0
139264213;OBLIGATORIA;4;2014-15;14;SEGURIDAD DE SISTEMAS INFORMÁTICOS;85.7;100.0
139264213;OBLIGATORIA;4;2022-23;7;SEGURIDAD DE SISTEMAS INFORMÁTICOS;71.4;83.3
139264213;OBLIGATORIA;4;2024-25;6;SEGURIDAD DE SISTEMAS INFORMÁTICOS;100.0;100.0
139264213;OBLIGATORIA;4;2018-19;12;SEGURIDAD DE SISTEMAS INFORMÁTICOS;83.3;100.0
139264213;OBLIGATORIA;4;2017-18;12;SEGURIDAD DE SISTEMAS INFORMÁTICOS;83.3;100.0
139264213;OBLIGATORIA;4;2016-17;8;SEGURIDAD DE SISTEMAS INFORMÁTICOS;100.0;100.0
139264213;OBLIGATORIA;4;2020-21;12;SEGURIDAD DE SISTEMAS INFORMÁTICOS;75.0;100.0
139264213;OBLIGATORIA;4;2023-24;11;SEGURIDAD DE SISTEMAS INFORMÁTICOS;100.0;100.0
139264213;OBLIGATORIA;4;2015-16;14;SEGURIDAD DE SISTEMAS INFORMÁTICOS;78.6;100.0
139264311;OBLIGATORIA;4;2020-21;10;LABORATORIO DE DESARROLLO Y HERRAMIENTAS;100.0;100.0
139264311;OBLIGATORIA;4;2013-14;15;LABORATORIO DE DESARROLLO Y HERRAMIENTAS;93.3;100.0
139264311;OBLIGATORIA;4;2024-25;15;LABORATORIO DE DESARROLLO Y HERRAMIENTAS;93.3;100.0
139264311;OBLIGATORIA;4;2017-18;4;LABORATORIO DE DESARROLLO Y HERRAMIENTAS;100.0;100.0
139264311;OBLIGATORIA;4;2019-20;4;LABORATORIO DE DESARROLLO Y HERRAMIENTAS;100.0;100.0
139264311;OBLIGATORIA;4;2025(*);8;LABORATORIO DE DESARROLLO Y HERRAMIENTAS;100.0;100.0
139264311;OBLIGATORIA;4;2014-15;12;LABORATORIO DE DESARROLLO Y HERRAMIENTAS;91.7;100.0
139264311;OBLIGATORIA;4;2016-17;5;LABORATORIO DE DESARROLLO Y HERRAMIENTAS;80.0;80.0
139264311;OBLIGATORIA;4;2022-23;16;LABORATORIO DE DESARROLLO Y HERRAMIENTAS;87.5;100.0
139264311;OBLIGATORIA;4;2021-22;10;LABORATORIO DE DESARROLLO Y HERRAMIENTAS;100.0;100.0
139264311;OBLIGATORIA;4;2023-24;16;LABORATORIO DE DESARROLLO Y HERRAMIENTAS;93.8;100.0
139264311;OBLIGATORIA;4;2015-16;11;LABORATORIO DE DESARROLLO Y HERRAMIENTAS;81.8;81.8
139264311;OBLIGATORIA;4;2018-19;8;LABORATORIO DE DESARROLLO Y HERRAMIENTAS;100.0;100.0
139264311;OBLIGATORIA;4;2012-13;12;LABORATORIO DE DESARROLLO Y HERRAMIENTAS;83.3;100.0
139264312;OBLIGATORIA;4;2020-21;8;NORMATIVA Y REGULACIÓN;87.5;100.0
139264312;OBLIGATORIA;4;2012-13;12;NORMATIVA Y REGULACIÓN;83.3;100.0
139264312;OBLIGATORIA;4;2013-14;15;NORMATIVA Y REGULACIÓN;100.0;100.0
139264312;OBLIGATORIA;4;2021-22;13;NORMATIVA Y REGULACIÓN;92.3;100.0
139264312;OBLIGATORIA;4;2014-15;12;NORMATIVA Y REGULACIÓN;83.3;83.3
139264312;OBLIGATORIA;4;2016-17;3;NORMATIVA Y REGULACIÓN;100.0;100.0
139264312;OBLIGATORIA;4;2019-20;7;NORMATIVA Y REGULACIÓN;100.0;100.0
139264312;OBLIGATORIA;4;2017-18;1;NORMATIVA Y REGULACIÓN;100.0;100.0
139264312;OBLIGATORIA;4;2024-25;16;NORMATIVA Y REGULACIÓN;93.8;93.8
139264312;OBLIGATORIA;4;2018-19;7;NORMATIVA Y REGULACIÓN;100.0;100.0
139264312;OBLIGATORIA;4;2025(*);10;NORMATIVA Y REGULACIÓN;90.0;100.0
139264312;OBLIGATORIA;4;2022-23;17;NORMATIVA Y REGULACIÓN;94.1;100.0
139264312;OBLIGATORIA;4;2015-16;13;NORMATIVA Y REGULACIÓN;100.0;100.0
139264312;OBLIGATORIA;4;2023-24;13;NORMATIVA Y REGULACIÓN;76.9;83.3
139264313;OBLIGATORIA;4;2025(*);8;DISEÑO ARQUITECTÓNICOS Y PATRONES;87.5;100.0
139264313;OBLIGATORIA;4;2018-19;3;DISEÑO ARQUITECTÓNICOS Y PATRONES;100.0;100.0
139264313;OBLIGATORIA;4;2017-18;3;DISEÑO ARQUITECTÓNICOS Y PATRONES;100.0;100.0
139264313;OBLIGATORIA;4;2023-24;23;DISEÑO ARQUITECTÓNICOS Y PATRONES;82.6;100.0
139264313;OBLIGATORIA;4;2021-22;13;DISEÑO ARQUITECTÓNICOS Y PATRONES;84.6;100.0
139264313;OBLIGATORIA;4;2019-20;8;DISEÑO ARQUITECTÓNICOS Y PATRONES;62.5;83.3
139264313;OBLIGATORIA;4;2024-25;20;DISEÑO ARQUITECTÓNICOS Y PATRONES;100.0;100.0
139264313;OBLIGATORIA;4;2022-23;10;DISEÑO ARQUITECTÓNICOS Y PATRONES;80.0;100.0
139264313;OBLIGATORIA;4;2015-16;10;DISEÑO ARQUITECTÓNICOS Y PATRONES;90.0;90.0
139264313;OBLIGATORIA;4;2016-17;5;DISEÑO ARQUITECTÓNICOS Y PATRONES;100.0;100.0
139264313;OBLIGATORIA;4;2013-14;7;DISEÑO ARQUITECTÓNICOS Y PATRONES;85.7;85.7
139264313;OBLIGATORIA;4;2014-15;11;DISEÑO ARQUITECTÓNICOS Y PATRONES;90.9;100.0
139264313;OBLIGATORIA;4;2012-13;8;DISEÑO ARQUITECTÓNICOS Y PATRONES;87.5;100.0
139264313;OBLIGATORIA;4;2020-21;9;DISEÑO ARQUITECTÓNICOS Y PATRONES;88.9;100.0
139264411;OBLIGATORIA;4;2024-25;2;SISTEMAS DE INFORMACIÓN CONTABLE;50.0;100.0
139264411;OBLIGATORIA;4;2023-24;5;SISTEMAS DE INFORMACIÓN CONTABLE;80.0;80.0
139264411;OBLIGATORIA;4;2019-20;1;SISTEMAS DE INFORMACIÓN CONTABLE;100.0;100.0
139264411;OBLIGATORIA;4;2013-14;3;SISTEMAS DE INFORMACIÓN CONTABLE;100.0;100.0
139264411;OBLIGATORIA;4;2012-13;3;SISTEMAS DE INFORMACIÓN CONTABLE;100.0;100.0
139264411;OBLIGATORIA;4;2021-22;6;SISTEMAS DE INFORMACIÓN CONTABLE;83.3;100.0
139264411;OBLIGATORIA;4;2016-17;3;SISTEMAS DE INFORMACIÓN CONTABLE;100.0;100.0
139264411;OBLIGATORIA;4;2018-19;1;SISTEMAS DE INFORMACIÓN CONTABLE;100.0;100.0
139264411;OBLIGATORIA;4;2015-16;2;SISTEMAS DE INFORMACIÓN CONTABLE;100.0;100.0
139264411;OBLIGATORIA;4;2025(*);1;SISTEMAS DE INFORMACIÓN CONTABLE;0.0;
139264411;OBLIGATORIA;4;2022-23;4;SISTEMAS DE INFORMACIÓN CONTABLE;100.0;100.0
139264411;OBLIGATORIA;4;2014-15;4;SISTEMAS DE INFORMACIÓN CONTABLE;100.0;100.0
139264412;OBLIGATORIA;4;2015-16;3;GESTIÓN DE LA INNOVACIÓN;100.0;100.0
139264412;OBLIGATORIA;4;2016-17;2;GESTIÓN DE LA INNOVACIÓN;100.0;100.0
139264412;OBLIGATORIA;4;2013-14;5;GESTIÓN DE LA INNOVACIÓN;80.0;100.0
139264412;OBLIGATORIA;4;2014-15;5;GESTIÓN DE LA INNOVACIÓN;100.0;100.0
139264412;OBLIGATORIA;4;2012-13;4;GESTIÓN DE LA INNOVACIÓN;100.0;100.0
139264412;OBLIGATORIA;4;2017-18;3;GESTIÓN DE LA INNOVACIÓN;100.0;100.0
139264412;OBLIGATORIA;4;2020-21;1;GESTIÓN DE LA INNOVACIÓN;100.0;100.0
139264412;OBLIGATORIA;4;2023-24;2;GESTIÓN DE LA INNOVACIÓN;100.0;100.0
139264412;OBLIGATORIA;4;2021-22;7;GESTIÓN DE LA INNOVACIÓN;100.0;100.0
139264412;OBLIGATORIA;4;2019-20;4;GESTIÓN DE LA INNOVACIÓN;75.0;100.0
139264412;OBLIGATORIA;4;2024-25;4;GESTIÓN DE LA INNOVACIÓN;100.0;100.0
139264412;OBLIGATORIA;4;2022-23;7;GESTIÓN DE LA INNOVACIÓN;85.7;100.0
139264413;OBLIGATORIA;4;2014-15;5;DESARROLLO Y MANTENIMIENTO DE SISTEMAS DE INFORMACIÓN;100.0;100.0
139264413;OBLIGATORIA;4;2024-25;2;DESARROLLO Y MANTENIMIENTO DE SISTEMAS DE INFORMACIÓN;100.0;100.0
139264413;OBLIGATORIA;4;2017-18;1;DESARROLLO Y MANTENIMIENTO DE SISTEMAS DE INFORMACIÓN;0.0;
139264413;OBLIGATORIA;4;2015-16;2;DESARROLLO Y MANTENIMIENTO DE SISTEMAS DE INFORMACIÓN;100.0;100.0
139264413;OBLIGATORIA;4;2019-20;2;DESARROLLO Y MANTENIMIENTO DE SISTEMAS DE INFORMACIÓN;100.0;100.0
139264413;OBLIGATORIA;4;2022-23;8;DESARROLLO Y MANTENIMIENTO DE SISTEMAS DE INFORMACIÓN;100.0;100.0
139264413;OBLIGATORIA;4;2023-24;3;DESARROLLO Y MANTENIMIENTO DE SISTEMAS DE INFORMACIÓN;66.7;66.7
139264413;OBLIGATORIA;4;2013-14;5;DESARROLLO Y MANTENIMIENTO DE SISTEMAS DE INFORMACIÓN;60.0;100.0
139264413;OBLIGATORIA;4;2012-13;2;DESARROLLO Y MANTENIMIENTO DE SISTEMAS DE INFORMACIÓN;100.0;100.0
139264413;OBLIGATORIA;4;2021-22;6;DESARROLLO Y MANTENIMIENTO DE SISTEMAS DE INFORMACIÓN;83.3;100.0
139264413;OBLIGATORIA;4;2016-17;2;DESARROLLO Y MANTENIMIENTO DE SISTEMAS DE INFORMACIÓN;100.0;100.0
139264511;OBLIGATORIA;4;2023-24;33;TECNOLOGÍAS DE LA INFORMACIÓN PARA LAS ORGANIZACIONES;93.9;100.0
139264511;OBLIGATORIA;4;2019-20;36;TECNOLOGÍAS DE LA INFORMACIÓN PARA LAS ORGANIZACIONES;94.4;100.0
139264511;OBLIGATORIA;4;2016-17;29;TECNOLOGÍAS DE LA INFORMACIÓN PARA LAS ORGANIZACIONES;100.0;100.0
139264511;OBLIGATORIA;4;2012-13;30;TECNOLOGÍAS DE LA INFORMACIÓN PARA LAS ORGANIZACIONES;100.0;100.0
139264511;OBLIGATORIA;4;2021-22;41;TECNOLOGÍAS DE LA INFORMACIÓN PARA LAS ORGANIZACIONES;90.2;100.0
139264511;OBLIGATORIA;4;2013-14;33;TECNOLOGÍAS DE LA INFORMACIÓN PARA LAS ORGANIZACIONES;97.0;100.0
139264511;OBLIGATORIA;4;2020-21;44;TECNOLOGÍAS DE LA INFORMACIÓN PARA LAS ORGANIZACIONES;100.0;100.0
139264511;OBLIGATORIA;4;2017-18;34;TECNOLOGÍAS DE LA INFORMACIÓN PARA LAS ORGANIZACIONES;97.1;100.0
139264511;OBLIGATORIA;4;2015-16;16;TECNOLOGÍAS DE LA INFORMACIÓN PARA LAS ORGANIZACIONES;100.0;100.0
139264511;OBLIGATORIA;4;2024-25;48;TECNOLOGÍAS DE LA INFORMACIÓN PARA LAS ORGANIZACIONES;93.8;100.0
139264511;OBLIGATORIA;4;2018-19;31;TECNOLOGÍAS DE LA INFORMACIÓN PARA LAS ORGANIZACIONES;96.8;96.8
139264511;OBLIGATORIA;4;2022-23;44;TECNOLOGÍAS DE LA INFORMACIÓN PARA LAS ORGANIZACIONES;95.5;97.7
139264511;OBLIGATORIA;4;2025(*);54;TECNOLOGÍAS DE LA INFORMACIÓN PARA LAS ORGANIZACIONES;94.4;100.0
139264511;OBLIGATORIA;4;2014-15;24;TECNOLOGÍAS DE LA INFORMACIÓN PARA LAS ORGANIZACIONES;100.0;100.0
139264512;OBLIGATORIA;4;2022-23;50;SISTEMAS Y TECNOLOGÍAS WEB;86.0;100.0
139264512;OBLIGATORIA;4;2015-16;22;SISTEMAS Y TECNOLOGÍAS WEB;81.8;100.0
139264512;OBLIGATORIA;4;2016-17;19;SISTEMAS Y TECNOLOGÍAS WEB;94.7;100.0
139264512;OBLIGATORIA;4;2013-14;26;SISTEMAS Y TECNOLOGÍAS WEB;88.5;100.0
139264512;OBLIGATORIA;4;2014-15;28;SISTEMAS Y TECNOLOGÍAS WEB;96.4;96.4
139264512;OBLIGATORIA;4;2012-13;29;SISTEMAS Y TECNOLOGÍAS WEB;100.0;100.0
139264512;OBLIGATORIA;4;2020-21;34;SISTEMAS Y TECNOLOGÍAS WEB;79.4;100.0
139264512;OBLIGATORIA;4;2018-19;33;SISTEMAS Y TECNOLOGÍAS WEB;93.9;93.9
139264512;OBLIGATORIA;4;2017-18;43;SISTEMAS Y TECNOLOGÍAS WEB;100.0;100.0
139264512;OBLIGATORIA;4;2023-24;45;SISTEMAS Y TECNOLOGÍAS WEB;82.2;100.0
139264512;OBLIGATORIA;4;2021-22;56;SISTEMAS Y TECNOLOGÍAS WEB;87.5;100.0
139264512;OBLIGATORIA;4;2019-20;36;SISTEMAS Y TECNOLOGÍAS WEB;86.1;100.0
139264512;OBLIGATORIA;4;2024-25;56;SISTEMAS Y TECNOLOGÍAS WEB;92.9;98.1
139264512;OBLIGATORIA;4;2025(*);52;SISTEMAS Y TECNOLOGÍAS WEB;94.2;100.0
139264513;OBLIGATORIA;4;2021-22;52;GESTIÓN DEL CONOCIMIENTO EN LAS ORGANIZACIONES;82.7;100.0
139264513;OBLIGATORIA;4;2024-25;50;GESTIÓN DEL CONOCIMIENTO EN LAS ORGANIZACIONES;90.0;100.0
139264513;OBLIGATORIA;4;2012-13;32;GESTIÓN DEL CONOCIMIENTO EN LAS ORGANIZACIONES;96.9;96.9
139264513;OBLIGATORIA;4;2022-23;50;GESTIÓN DEL CONOCIMIENTO EN LAS ORGANIZACIONES;84.0;100.0
139264513;OBLIGATORIA;4;2019-20;41;GESTIÓN DEL CONOCIMIENTO EN LAS ORGANIZACIONES;80.5;94.3
139264513;OBLIGATORIA;4;2014-15;24;GESTIÓN DEL CONOCIMIENTO EN LAS ORGANIZACIONES;95.8;100.0
139264513;OBLIGATORIA;4;2015-16;17;GESTIÓN DEL CONOCIMIENTO EN LAS ORGANIZACIONES;100.0;100.0
139264513;OBLIGATORIA;4;2025(*);59;GESTIÓN DEL CONOCIMIENTO EN LAS ORGANIZACIONES;93.2;98.2
139264513;OBLIGATORIA;4;2017-18;31;GESTIÓN DEL CONOCIMIENTO EN LAS ORGANIZACIONES;87.1;100.0
139264513;OBLIGATORIA;4;2013-14;32;GESTIÓN DEL CONOCIMIENTO EN LAS ORGANIZACIONES;90.6;100.0
139264513;OBLIGATORIA;4;2020-21;37;GESTIÓN DEL CONOCIMIENTO EN LAS ORGANIZACIONES;89.2;94.3
139264513;OBLIGATORIA;4;2023-24;44;GESTIÓN DEL CONOCIMIENTO EN LAS ORGANIZACIONES;79.5;100.0
139264513;OBLIGATORIA;4;2016-17;24;GESTIÓN DEL CONOCIMIENTO EN LAS ORGANIZACIONES;91.7;91.7
139264513;OBLIGATORIA;4;2018-19;39;GESTIÓN DEL CONOCIMIENTO EN LAS ORGANIZACIONES;94.9;94.9
139264023;TRABAJO FIN DE GRADO;4;2019-20;104;TRABAJO FIN DE GRADO;61.5;100.0
139264023;TRABAJO FIN DE GRADO;4;2012-13;18;TRABAJO FIN DE GRADO;100.0;100.0
139264023;TRABAJO FIN DE GRADO;4;2022-23;112;TRABAJO FIN DE GRADO;77.7;98.9
139264023;TRABAJO FIN DE GRADO;4;2021-22;119;TRABAJO FIN DE GRADO;71.4;100.0
139264023;TRABAJO FIN DE GRADO;4;2013-14;64;TRABAJO FIN DE GRADO;75.0;100.0
139264023;TRABAJO FIN DE GRADO;4;2016-17;98;TRABAJO FIN DE GRADO;65.3;100.0
139264023;TRABAJO FIN DE GRADO;4;2024-25;115;TRABAJO FIN DE GRADO;87.8;100.0
139264023;TRABAJO FIN DE GRADO;4;2018-19;112;TRABAJO FIN DE GRADO;59.8;97.1
139264023;TRABAJO FIN DE GRADO;4;2017-18;106;TRABAJO FIN DE GRADO;63.2;100.0
139264023;TRABAJO FIN DE GRADO;4;2014-15;115;TRABAJO FIN DE GRADO;64.3;100.0
139264023;TRABAJO FIN DE GRADO;4;2020-21;117;TRABAJO FIN DE GRADO;60.7;100.0
139264023;TRABAJO FIN DE GRADO;4;2023-24;105;TRABAJO FIN DE GRADO;82.9;100.0
139264023;TRABAJO FIN DE GRADO;4;2015-16;110;TRABAJO FIN DE GRADO;61.8;100.0
139263226;OBLIGATORIA;3;2022-23;10;REDES DE COMPUTADORES EN INGENIERÍA DE COMPUTADORES;60.0;66.7
139263226;OBLIGATORIA;3;2020-21;11;REDES DE COMPUTADORES EN INGENIERÍA DE COMPUTADORES;90.9;100.0
139263226;OBLIGATORIA;3;2018-19;10;REDES DE COMPUTADORES EN INGENIERÍA DE COMPUTADORES;70.0;70.0
139263226;OBLIGATORIA;3;2017-18;13;REDES DE COMPUTADORES EN INGENIERÍA DE COMPUTADORES;84.6;100.0
139263226;OBLIGATORIA;3;2023-24;8;REDES DE COMPUTADORES EN INGENIERÍA DE COMPUTADORES;50.0;66.7
139263226;OBLIGATORIA;3;2021-22;7;REDES DE COMPUTADORES EN INGENIERÍA DE COMPUTADORES;57.1;80.0
139263226;OBLIGATORIA;3;2019-20;12;REDES DE COMPUTADORES EN INGENIERÍA DE COMPUTADORES;75.0;90.0
139263226;OBLIGATORIA;3;2025(*);1;REDES DE COMPUTADORES EN INGENIERÍA DE COMPUTADORES;0.0;
139263226;OBLIGATORIA;3;2024-25;17;REDES DE COMPUTADORES EN INGENIERÍA DE COMPUTADORES;82.4;93.3
139263227;OBLIGATORIA;3;2024-25;14;LABORATORIO DE REDES EN INGENIERÍA DE COMPUTADORES;92.9;92.9
139263227;OBLIGATORIA;3;2020-21;11;LABORATORIO DE REDES EN INGENIERÍA DE COMPUTADORES;100.0;100.0
139263227;OBLIGATORIA;3;2022-23;7;LABORATORIO DE REDES EN INGENIERÍA DE COMPUTADORES;85.7;100.0
139263227;OBLIGATORIA;3;2018-19;4;LABORATORIO DE REDES EN INGENIERÍA DE COMPUTADORES;100.0;100.0
139263227;OBLIGATORIA;3;2017-18;11;LABORATORIO DE REDES EN INGENIERÍA DE COMPUTADORES;100.0;100.0
139263227;OBLIGATORIA;3;2023-24;6;LABORATORIO DE REDES EN INGENIERÍA DE COMPUTADORES;100.0;100.0
139263227;OBLIGATORIA;3;2021-22;8;LABORATORIO DE REDES EN INGENIERÍA DE COMPUTADORES;100.0;100.0
139263227;OBLIGATORIA;3;2019-20;10;LABORATORIO DE REDES EN INGENIERÍA DE COMPUTADORES;90.0;100.0
139263326;OBLIGATORIA;3;2020-21;11;GESTIÓN DE RIESGOS EN INGENIERÍA DEL SOFTWARE;100.0;100.0
139263326;OBLIGATORIA;3;2021-22;23;GESTIÓN DE RIESGOS EN INGENIERÍA DEL SOFTWARE;100.0;100.0
139263326;OBLIGATORIA;3;2018-19;6;GESTIÓN DE RIESGOS EN INGENIERÍA DEL SOFTWARE;100.0;100.0
139263326;OBLIGATORIA;3;2024-25;5;GESTIÓN DE RIESGOS EN INGENIERÍA DEL SOFTWARE;100.0;100.0
139263326;OBLIGATORIA;3;2017-18;5;GESTIÓN DE RIESGOS EN INGENIERÍA DEL SOFTWARE;80.0;100.0
139263326;OBLIGATORIA;3;2019-20;11;GESTIÓN DE RIESGOS EN INGENIERÍA DEL SOFTWARE;100.0;100.0
139263326;OBLIGATORIA;3;2023-24;17;GESTIÓN DE RIESGOS EN INGENIERÍA DEL SOFTWARE;94.1;100.0
139263326;OBLIGATORIA;3;2022-23;9;GESTIÓN DE RIESGOS EN INGENIERÍA DEL SOFTWARE;88.9;100.0
139263421;OBLIGATORIA;3;2024-25;1;REDES DE COMPUTADORES EN SISTEMAS DE INFORMACIÓN;0.0;
139263421;OBLIGATORIA;3;2022-23;3;REDES DE COMPUTADORES EN SISTEMAS DE INFORMACIÓN;100.0;100.0
139263421;OBLIGATORIA;3;2021-22;9;REDES DE COMPUTADORES EN SISTEMAS DE INFORMACIÓN;66.7;85.7
139263421;OBLIGATORIA;3;2020-21;8;REDES DE COMPUTADORES EN SISTEMAS DE INFORMACIÓN;75.0;85.7
139263421;OBLIGATORIA;3;2023-24;3;REDES DE COMPUTADORES EN SISTEMAS DE INFORMACIÓN;100.0;100.0
139263421;OBLIGATORIA;3;2018-19;3;REDES DE COMPUTADORES EN SISTEMAS DE INFORMACIÓN;33.3;100.0
139263421;OBLIGATORIA;3;2019-20;2;REDES DE COMPUTADORES EN SISTEMAS DE INFORMACIÓN;0.0;0.0
139263421;OBLIGATORIA;3;2017-18;3;REDES DE COMPUTADORES EN SISTEMAS DE INFORMACIÓN;33.3;33.3
139263422;OBLIGATORIA;3;2024-25;1;LABORATORIO DE REDES EN SISTEMAS DE INFORMACIÓN;0.0;
139263422;OBLIGATORIA;3;2023-24;3;LABORATORIO DE REDES EN SISTEMAS DE INFORMACIÓN;100.0;100.0
139263422;OBLIGATORIA;3;2020-21;8;LABORATORIO DE REDES EN SISTEMAS DE INFORMACIÓN;75.0;75.0
139263422;OBLIGATORIA;3;2018-19;2;LABORATORIO DE REDES EN SISTEMAS DE INFORMACIÓN;50.0;50.0
139263422;OBLIGATORIA;3;2017-18;3;LABORATORIO DE REDES EN SISTEMAS DE INFORMACIÓN;66.7;100.0
139263422;OBLIGATORIA;3;2021-22;7;LABORATORIO DE REDES EN SISTEMAS DE INFORMACIÓN;85.7;100.0
139263422;OBLIGATORIA;3;2022-23;2;LABORATORIO DE REDES EN SISTEMAS DE INFORMACIÓN;100.0;100.0
139263424;OBLIGATORIA;3;2020-21;7;GESTIÓN DE RIESGOS EN SISTEMAS DE INFORMACIÓN;100.0;100.0
139263424;OBLIGATORIA;3;2018-19;1;GESTIÓN DE RIESGOS EN SISTEMAS DE INFORMACIÓN;100.0;100.0
139263424;OBLIGATORIA;3;2017-18;2;GESTIÓN DE RIESGOS EN SISTEMAS DE INFORMACIÓN;100.0;100.0
139263424;OBLIGATORIA;3;2023-24;1;GESTIÓN DE RIESGOS EN SISTEMAS DE INFORMACIÓN;100.0;100.0
139263424;OBLIGATORIA;3;2021-22;6;GESTIÓN DE RIESGOS EN SISTEMAS DE INFORMACIÓN;83.3;100.0
139263424;OBLIGATORIA;3;2019-20;1;GESTIÓN DE RIESGOS EN SISTEMAS DE INFORMACIÓN;100.0;100.0
139263424;OBLIGATORIA;3;2022-23;3;GESTIÓN DE RIESGOS EN SISTEMAS DE INFORMACIÓN;100.0;100.0
139263521;OBLIGATORIA;3;2022-23;68;REDES DE COMPUTADORES EN TECNOLOGÍAS DE LA INFORMACIÓN;72.1;77.8
139263521;OBLIGATORIA;3;2023-24;64;REDES DE COMPUTADORES EN TECNOLOGÍAS DE LA INFORMACIÓN;75.0;84.2
139263521;OBLIGATORIA;3;2020-21;73;REDES DE COMPUTADORES EN TECNOLOGÍAS DE LA INFORMACIÓN;74.0;87.1
139263521;OBLIGATORIA;3;2021-22;68;REDES DE COMPUTADORES EN TECNOLOGÍAS DE LA INFORMACIÓN;38.2;49.1
139263521;OBLIGATORIA;3;2019-20;54;REDES DE COMPUTADORES EN TECNOLOGÍAS DE LA INFORMACIÓN;72.2;86.7
139263521;OBLIGATORIA;3;2024-25;63;REDES DE COMPUTADORES EN TECNOLOGÍAS DE LA INFORMACIÓN;82.5;89.7
139263521;OBLIGATORIA;3;2017-18;45;REDES DE COMPUTADORES EN TECNOLOGÍAS DE LA INFORMACIÓN;55.6;73.5
139263521;OBLIGATORIA;3;2025(*);1;REDES DE COMPUTADORES EN TECNOLOGÍAS DE LA INFORMACIÓN;100.0;100.0
139263521;OBLIGATORIA;3;2018-19;54;REDES DE COMPUTADORES EN TECNOLOGÍAS DE LA INFORMACIÓN;53.7;60.4
139263522;OBLIGATORIA;3;2018-19;35;LABORATORIO DE REDES EN TECNOLOGÍAS DE LA INFORMACIÓN;97.1;100.0
139263522;OBLIGATORIA;3;2019-20;40;LABORATORIO DE REDES EN TECNOLOGÍAS DE LA INFORMACIÓN;90.0;97.3
139263522;OBLIGATORIA;3;2022-23;39;LABORATORIO DE REDES EN TECNOLOGÍAS DE LA INFORMACIÓN;92.3;94.7
139263522;OBLIGATORIA;3;2023-24;50;LABORATORIO DE REDES EN TECNOLOGÍAS DE LA INFORMACIÓN;96.0;98.0
139263522;OBLIGATORIA;3;2017-18;37;LABORATORIO DE REDES EN TECNOLOGÍAS DE LA INFORMACIÓN;89.2;100.0
139263522;OBLIGATORIA;3;2020-21;62;LABORATORIO DE REDES EN TECNOLOGÍAS DE LA INFORMACIÓN;90.3;98.2
139263522;OBLIGATORIA;3;2024-25;53;LABORATORIO DE REDES EN TECNOLOGÍAS DE LA INFORMACIÓN;92.5;92.5
139263522;OBLIGATORIA;3;2021-22;50;LABORATORIO DE REDES EN TECNOLOGÍAS DE LA INFORMACIÓN;88.0;97.8
